Promotion_id,Game_id,Start_time,End_time,Discount,game_id
01,514500,2024/09/20,2024/09/28,-25%,514500
01,672880,2024/09/20,2024/09/28,-25%,672880
01,788180,2024/09/20,2024/09/28,-25%,788180
01,18700,2024/09/20,2024/09/28,-25%,18700
01,449520,2024/09/20,2024/09/28,-25%,449520
01,733300,2024/09/20,2024/09/28,-25%,733300
01,386100,2024/09/20,2024/09/28,-25%,386100
01,688050,2024/09/20,2024/09/28,-25%,688050
01,355010,2024/09/20,2024/09/28,-25%,355010
01,841030,2024/09/20,2024/09/28,-25%,841030
01,936890,2024/09/20,2024/09/28,-25%,936890
01,657300,2024/09/20,2024/09/28,-25%,657300
01,313650,2024/09/20,2024/09/28,-25%,313650
01,738530,2024/09/20,2024/09/28,-25%,738530
01,485800,2024/09/20,2024/09/28,-25%,485800
01,765290,2024/09/20,2024/09/28,-25%,765290
01,920810,2024/09/20,2024/09/28,-25%,920810
01,717200,2024/09/20,2024/09/28,-25%,717200
01,3600,2024/09/20,2024/09/28,-25%,3600
01,577580,2024/09/20,2024/09/28,-25%,577580
01,979000,2024/09/20,2024/09/28,-25%,979000
01,824450,2024/09/20,2024/09/28,-25%,824450
01,364050,2024/09/20,2024/09/28,-25%,364050
01,655010,2024/09/20,2024/09/28,-25%,655010
01,949060,2024/09/20,2024/09/28,-25%,949060
01,522280,2024/09/20,2024/09/28,-25%,522280
01,897020,2024/09/20,2024/09/28,-25%,897020
01,955310,2024/09/20,2024/09/28,-25%,955310
01,955370,2024/09/20,2024/09/28,-25%,955370
01,296530,2024/09/20,2024/09/28,-25%,296530
01,655610,2024/09/20,2024/09/28,-25%,655610
01,531990,2024/09/20,2024/09/28,-25%,531990
01,612930,2024/09/20,2024/09/28,-25%,612930
01,346150,2024/09/20,2024/09/28,-25%,346150
01,905860,2024/09/20,2024/09/28,-25%,905860
01,461390,2024/09/20,2024/09/28,-25%,461390
01,469890,2024/09/20,2024/09/28,-25%,469890
01,225540,2024/09/20,2024/09/28,-25%,225540
01,494150,2024/09/20,2024/09/28,-25%,494150
01,675960,2024/09/20,2024/09/28,-25%,675960
01,796800,2024/09/20,2024/09/28,-25%,796800
01,841010,2024/09/20,2024/09/28,-25%,841010
01,451640,2024/09/20,2024/09/28,-25%,451640
01,403940,2024/09/20,2024/09/28,-25%,403940
01,965310,2024/09/20,2024/09/28,-25%,965310
01,940180,2024/09/20,2024/09/28,-25%,940180
01,527580,2024/09/20,2024/09/28,-25%,527580
01,756680,2024/09/20,2024/09/28,-25%,756680
01,787710,2024/09/20,2024/09/28,-25%,787710
01,673220,2024/09/20,2024/09/28,-25%,673220
01,751440,2024/09/20,2024/09/28,-25%,751440
01,566320,2024/09/20,2024/09/28,-25%,566320
01,507270,2024/09/20,2024/09/28,-25%,507270
01,324260,2024/09/20,2024/09/28,-25%,324260
01,646010,2024/09/20,2024/09/28,-25%,646010
01,555940,2024/09/20,2024/09/28,-25%,555940
01,936930,2024/09/20,2024/09/28,-25%,936930
01,585240,2024/09/20,2024/09/28,-25%,585240
01,499620,2024/09/20,2024/09/28,-25%,499620
01,571530,2024/09/20,2024/09/28,-25%,571530
01,1039870,2024/09/20,2024/09/28,-25%,1039870
01,625430,2024/09/20,2024/09/28,-25%,625430
01,480430,2024/09/20,2024/09/28,-25%,480430
01,723790,2024/09/20,2024/09/28,-25%,723790
01,882070,2024/09/20,2024/09/28,-25%,882070
01,391400,2024/09/20,2024/09/28,-25%,391400
01,810780,2024/09/20,2024/09/28,-25%,810780
01,697960,2024/09/20,2024/09/28,-25%,697960
01,322950,2024/09/20,2024/09/28,-25%,322950
01,336220,2024/09/20,2024/09/28,-25%,336220
01,374080,2024/09/20,2024/09/28,-25%,374080
01,437520,2024/09/20,2024/09/28,-25%,437520
01,429270,2024/09/20,2024/09/28,-25%,429270
01,805790,2024/09/20,2024/09/28,-25%,805790
01,1011470,2024/09/20,2024/09/28,-25%,1011470
01,683000,2024/09/20,2024/09/28,-25%,683000
01,754620,2024/09/20,2024/09/28,-25%,754620
01,864480,2024/09/20,2024/09/28,-25%,864480
01,491510,2024/09/20,2024/09/28,-25%,491510
01,975680,2024/09/20,2024/09/28,-25%,975680
01,713940,2024/09/20,2024/09/28,-25%,713940
01,857130,2024/09/20,2024/09/28,-25%,857130
01,1016720,2024/09/20,2024/09/28,-25%,1016720
01,725640,2024/09/20,2024/09/28,-25%,725640
01,481870,2024/09/20,2024/09/28,-25%,481870
01,556090,2024/09/20,2024/09/28,-25%,556090
01,756680,2024/09/20,2024/09/28,-25%,756680
01,574890,2024/09/20,2024/09/28,-25%,574890
01,886300,2024/09/20,2024/09/28,-25%,886300
01,715660,2024/09/20,2024/09/28,-25%,715660
01,32200,2024/09/20,2024/09/28,-25%,32200
01,799770,2024/09/20,2024/09/28,-25%,799770
01,429520,2024/09/20,2024/09/28,-25%,429520
01,508550,2024/09/20,2024/09/28,-25%,508550
01,227920,2024/09/20,2024/09/28,-25%,227920
01,324260,2024/09/20,2024/09/28,-25%,324260
01,542400,2024/09/20,2024/09/28,-25%,542400
01,347820,2024/09/20,2024/09/28,-25%,347820
01,922460,2024/09/20,2024/09/28,-25%,922460
01,497280,2024/09/20,2024/09/28,-25%,497280
01,992000,2024/09/20,2024/09/28,-25%,992000
01,445040,2024/09/20,2024/09/28,-25%,445040
01,970580,2024/09/20,2024/09/28,-25%,970580
02,684870,2024/11/28,2024/12/10,-64%,684870
02,933920,2024/11/28,2024/12/10,-64%,933920
02,847240,2024/11/28,2024/12/10,-64%,847240
02,525330,2024/11/28,2024/12/10,-64%,525330
02,286940,2024/11/28,2024/12/10,-64%,286940
02,995170,2024/11/28,2024/12/10,-64%,995170
02,419460,2024/11/28,2024/12/10,-64%,419460
02,339090,2024/11/28,2024/12/10,-64%,339090
02,870680,2024/11/28,2024/12/10,-64%,870680
02,318430,2024/11/28,2024/12/10,-64%,318430
02,457760,2024/11/28,2024/12/10,-64%,457760
02,524220,2024/11/28,2024/12/10,-64%,524220
02,392080,2024/11/28,2024/12/10,-64%,392080
02,70900,2024/11/28,2024/12/10,-64%,70900
02,869290,2024/11/28,2024/12/10,-64%,869290
02,818780,2024/11/28,2024/12/10,-64%,818780
02,922410,2024/11/28,2024/12/10,-64%,922410
02,741490,2024/11/28,2024/12/10,-64%,741490
02,635390,2024/11/28,2024/12/10,-64%,635390
02,249590,2024/11/28,2024/12/10,-64%,249590
02,538950,2024/11/28,2024/12/10,-64%,538950
02,267960,2024/11/28,2024/12/10,-64%,267960
02,354140,2024/11/28,2024/12/10,-64%,354140
02,930310,2024/11/28,2024/12/10,-64%,930310
02,870430,2024/11/28,2024/12/10,-64%,870430
02,282440,2024/11/28,2024/12/10,-64%,282440
02,348020,2024/11/28,2024/12/10,-64%,348020
02,575860,2024/11/28,2024/12/10,-64%,575860
02,375480,2024/11/28,2024/12/10,-64%,375480
02,502210,2024/11/28,2024/12/10,-64%,502210
02,942020,2024/11/28,2024/12/10,-64%,942020
02,342510,2024/11/28,2024/12/10,-64%,342510
02,501830,2024/11/28,2024/12/10,-64%,501830
02,467490,2024/11/28,2024/12/10,-64%,467490
02,772070,2024/11/28,2024/12/10,-64%,772070
02,726060,2024/11/28,2024/12/10,-64%,726060
02,690400,2024/11/28,2024/12/10,-64%,690400
02,945390,2024/11/28,2024/12/10,-64%,945390
02,241320,2024/11/28,2024/12/10,-64%,241320
02,713180,2024/11/28,2024/12/10,-64%,713180
02,523650,2024/11/28,2024/12/10,-64%,523650
02,611040,2024/11/28,2024/12/10,-64%,611040
02,320670,2024/11/28,2024/12/10,-64%,320670
02,701290,2024/11/28,2024/12/10,-64%,701290
02,449060,2024/11/28,2024/12/10,-64%,449060
02,746090,2024/11/28,2024/12/10,-64%,746090
02,276730,2024/11/28,2024/12/10,-64%,276730
02,745880,2024/11/28,2024/12/10,-64%,745880
02,475960,2024/11/28,2024/12/10,-64%,475960
02,740390,2024/11/28,2024/12/10,-64%,740390
02,821120,2024/11/28,2024/12/10,-64%,821120
02,858680,2024/11/28,2024/12/10,-64%,858680
02,491420,2024/11/28,2024/12/10,-64%,491420
02,783210,2024/11/28,2024/12/10,-64%,783210
02,73010,2024/11/28,2024/12/10,-64%,73010
02,908020,2024/11/28,2024/12/10,-64%,908020
02,395920,2024/11/28,2024/12/10,-64%,395920
02,262900,2024/11/28,2024/12/10,-64%,262900
02,945880,2024/11/28,2024/12/10,-64%,945880
02,783440,2024/11/28,2024/12/10,-64%,783440
02,699920,2024/11/28,2024/12/10,-64%,699920
02,786140,2024/11/28,2024/12/10,-64%,786140
02,289220,2024/11/28,2024/12/10,-64%,289220
02,336280,2024/11/28,2024/12/10,-64%,336280
02,805110,2024/11/28,2024/12/10,-64%,805110
02,15520,2024/11/28,2024/12/10,-64%,15520
02,614950,2024/11/28,2024/12/10,-64%,614950
02,283180,2024/11/28,2024/12/10,-64%,283180
02,73210,2024/11/28,2024/12/10,-64%,73210
02,992700,2024/11/28,2024/12/10,-64%,992700
02,443800,2024/11/28,2024/12/10,-64%,443800
02,956000,2024/11/28,2024/12/10,-64%,956000
02,341440,2024/11/28,2024/12/10,-64%,341440
02,689030,2024/11/28,2024/12/10,-64%,689030
02,1002270,2024/11/28,2024/12/10,-64%,1002270
02,455990,2024/11/28,2024/12/10,-64%,455990
02,623070,2024/11/28,2024/12/10,-64%,623070
02,496450,2024/11/28,2024/12/10,-64%,496450
02,936510,2024/11/28,2024/12/10,-64%,936510
02,749920,2024/11/28,2024/12/10,-64%,749920
02,252110,2024/11/28,2024/12/10,-64%,252110
02,466110,2024/11/28,2024/12/10,-64%,466110
02,975240,2024/11/28,2024/12/10,-64%,975240
02,355230,2024/11/28,2024/12/10,-64%,355230
02,868200,2024/11/28,2024/12/10,-64%,868200
02,593530,2024/11/28,2024/12/10,-64%,593530
02,805630,2024/11/28,2024/12/10,-64%,805630
02,353630,2024/11/28,2024/12/10,-64%,353630
02,109500,2024/11/28,2024/12/10,-64%,109500
02,1012710,2024/11/28,2024/12/10,-64%,1012710
02,98200,2024/11/28,2024/12/10,-64%,98200
02,752730,2024/11/28,2024/12/10,-64%,752730
02,833810,2024/11/28,2024/12/10,-64%,833810
02,45710,2024/11/28,2024/12/10,-64%,45710
02,248550,2024/11/28,2024/12/10,-64%,248550
02,960550,2024/11/28,2024/12/10,-64%,960550
02,744040,2024/11/28,2024/12/10,-64%,744040
02,693670,2024/11/28,2024/12/10,-64%,693670
02,725970,2024/11/28,2024/12/10,-64%,725970
02,969870,2024/11/28,2024/12/10,-64%,969870
02,904990,2024/11/28,2024/12/10,-64%,904990
02,485600,2024/11/28,2024/12/10,-64%,485600
02,1044350,2024/11/28,2024/12/10,-64%,1044350
02,771680,2024/11/28,2024/12/10,-64%,771680
02,796430,2024/11/28,2024/12/10,-64%,796430
02,524610,2024/11/28,2024/12/10,-64%,524610
02,717960,2024/11/28,2024/12/10,-64%,717960
03,506870,2024/11/06,2024/11/16,-69%,506870
03,548650,2024/11/06,2024/11/16,-69%,548650
03,958130,2024/11/06,2024/11/16,-69%,958130
03,1028160,2024/11/06,2024/11/16,-69%,1028160
03,229580,2024/11/06,2024/11/16,-69%,229580
03,378860,2024/11/06,2024/11/16,-69%,378860
03,788210,2024/11/06,2024/11/16,-69%,788210
03,666820,2024/11/06,2024/11/16,-69%,666820
03,750790,2024/11/06,2024/11/16,-69%,750790
03,451700,2024/11/06,2024/11/16,-69%,451700
03,766650,2024/11/06,2024/11/16,-69%,766650
03,589480,2024/11/06,2024/11/16,-69%,589480
03,787840,2024/11/06,2024/11/16,-69%,787840
03,302190,2024/11/06,2024/11/16,-69%,302190
03,666960,2024/11/06,2024/11/16,-69%,666960
03,521560,2024/11/06,2024/11/16,-69%,521560
03,949420,2024/11/06,2024/11/16,-69%,949420
03,668210,2024/11/06,2024/11/16,-69%,668210
03,496850,2024/11/06,2024/11/16,-69%,496850
03,790450,2024/11/06,2024/11/16,-69%,790450
03,862650,2024/11/06,2024/11/16,-69%,862650
03,716310,2024/11/06,2024/11/16,-69%,716310
03,522880,2024/11/06,2024/11/16,-69%,522880
03,1036420,2024/11/06,2024/11/16,-69%,1036420
03,371460,2024/11/06,2024/11/16,-69%,371460
03,288020,2024/11/06,2024/11/16,-69%,288020
03,851980,2024/11/06,2024/11/16,-69%,851980
03,456420,2024/11/06,2024/11/16,-69%,456420
03,859090,2024/11/06,2024/11/16,-69%,859090
03,546960,2024/11/06,2024/11/16,-69%,546960
03,756150,2024/11/06,2024/11/16,-69%,756150
03,880720,2024/11/06,2024/11/16,-69%,880720
03,726040,2024/11/06,2024/11/16,-69%,726040
03,839210,2024/11/06,2024/11/16,-69%,839210
03,688880,2024/11/06,2024/11/16,-69%,688880
03,970000,2024/11/06,2024/11/16,-69%,970000
03,696480,2024/11/06,2024/11/16,-69%,696480
03,877250,2024/11/06,2024/11/16,-69%,877250
03,46200,2024/11/06,2024/11/16,-69%,46200
03,595480,2024/11/06,2024/11/16,-69%,595480
03,759220,2024/11/06,2024/11/16,-69%,759220
03,560790,2024/11/06,2024/11/16,-69%,560790
03,794570,2024/11/06,2024/11/16,-69%,794570
03,1035860,2024/11/06,2024/11/16,-69%,1035860
03,959940,2024/11/06,2024/11/16,-69%,959940
03,846150,2024/11/06,2024/11/16,-69%,846150
03,464650,2024/11/06,2024/11/16,-69%,464650
03,475240,2024/11/06,2024/11/16,-69%,475240
03,726060,2024/11/06,2024/11/16,-69%,726060
03,265670,2024/11/06,2024/11/16,-69%,265670
03,862160,2024/11/06,2024/11/16,-69%,862160
03,510780,2024/11/06,2024/11/16,-69%,510780
03,1044340,2024/11/06,2024/11/16,-69%,1044340
03,292260,2024/11/06,2024/11/16,-69%,292260
03,407880,2024/11/06,2024/11/16,-69%,407880
03,655370,2024/11/06,2024/11/16,-69%,655370
03,543110,2024/11/06,2024/11/16,-69%,543110
03,905020,2024/11/06,2024/11/16,-69%,905020
03,430930,2024/11/06,2024/11/16,-69%,430930
03,520370,2024/11/06,2024/11/16,-69%,520370
03,32730,2024/11/06,2024/11/16,-69%,32730
03,595130,2024/11/06,2024/11/16,-69%,595130
03,402210,2024/11/06,2024/11/16,-69%,402210
03,596890,2024/11/06,2024/11/16,-69%,596890
03,782410,2024/11/06,2024/11/16,-69%,782410
03,956280,2024/11/06,2024/11/16,-69%,956280
03,873220,2024/11/06,2024/11/16,-69%,873220
03,803110,2024/11/06,2024/11/16,-69%,803110
03,903760,2024/11/06,2024/11/16,-69%,903760
03,676450,2024/11/06,2024/11/16,-69%,676450
03,739410,2024/11/06,2024/11/16,-69%,739410
03,989070,2024/11/06,2024/11/16,-69%,989070
03,744440,2024/11/06,2024/11/16,-69%,744440
03,987210,2024/11/06,2024/11/16,-69%,987210
03,361620,2024/11/06,2024/11/16,-69%,361620
03,838050,2024/11/06,2024/11/16,-69%,838050
03,528110,2024/11/06,2024/11/16,-69%,528110
03,258090,2024/11/06,2024/11/16,-69%,258090
03,871510,2024/11/06,2024/11/16,-69%,871510
03,659510,2024/11/06,2024/11/16,-69%,659510
03,279940,2024/11/06,2024/11/16,-69%,279940
03,31830,2024/11/06,2024/11/16,-69%,31830
03,221180,2024/11/06,2024/11/16,-69%,221180
03,1042310,2024/11/06,2024/11/16,-69%,1042310
03,589590,2024/11/06,2024/11/16,-69%,589590
03,636690,2024/11/06,2024/11/16,-69%,636690
03,760620,2024/11/06,2024/11/16,-69%,760620
03,405720,2024/11/06,2024/11/16,-69%,405720
03,585430,2024/11/06,2024/11/16,-69%,585430
03,688470,2024/11/06,2024/11/16,-69%,688470
03,754850,2024/11/06,2024/11/16,-69%,754850
04,1015470,2024/12/01,2024/12/12,-76%,1015470
04,864570,2024/12/01,2024/12/12,-76%,864570
04,495350,2024/12/01,2024/12/12,-76%,495350
04,384110,2024/12/01,2024/12/12,-76%,384110
04,614260,2024/12/01,2024/12/12,-76%,614260
04,536680,2024/12/01,2024/12/12,-76%,536680
04,426050,2024/12/01,2024/12/12,-76%,426050
04,449210,2024/12/01,2024/12/12,-76%,449210
04,727010,2024/12/01,2024/12/12,-76%,727010
04,467090,2024/12/01,2024/12/12,-76%,467090
04,820840,2024/12/01,2024/12/12,-76%,820840
04,485450,2024/12/01,2024/12/12,-76%,485450
04,688770,2024/12/01,2024/12/12,-76%,688770
04,823530,2024/12/01,2024/12/12,-76%,823530
04,946810,2024/12/01,2024/12/12,-76%,946810
04,577380,2024/12/01,2024/12/12,-76%,577380
04,636320,2024/12/01,2024/12/12,-76%,636320
04,615680,2024/12/01,2024/12/12,-76%,615680
04,684300,2024/12/01,2024/12/12,-76%,684300
04,959940,2024/12/01,2024/12/12,-76%,959940
04,702080,2024/12/01,2024/12/12,-76%,702080
04,31900,2024/12/01,2024/12/12,-76%,31900
04,531050,2024/12/01,2024/12/12,-76%,531050
04,995280,2024/12/01,2024/12/12,-76%,995280
04,768570,2024/12/01,2024/12/12,-76%,768570
04,440800,2024/12/01,2024/12/12,-76%,440800
04,267610,2024/12/01,2024/12/12,-76%,267610
04,861270,2024/12/01,2024/12/12,-76%,861270
04,1037840,2024/12/01,2024/12/12,-76%,1037840
04,881690,2024/12/01,2024/12/12,-76%,881690
04,1036900,2024/12/01,2024/12/12,-76%,1036900
04,802090,2024/12/01,2024/12/12,-76%,802090
04,682170,2024/12/01,2024/12/12,-76%,682170
04,683900,2024/12/01,2024/12/12,-76%,683900
04,233230,2024/12/01,2024/12/12,-76%,233230
04,1005080,2024/12/01,2024/12/12,-76%,1005080
04,423220,2024/12/01,2024/12/12,-76%,423220
04,601760,2024/12/01,2024/12/12,-76%,601760
04,629360,2024/12/01,2024/12/12,-76%,629360
04,461890,2024/12/01,2024/12/12,-76%,461890
04,294540,2024/12/01,2024/12/12,-76%,294540
04,369400,2024/12/01,2024/12/12,-76%,369400
04,868240,2024/12/01,2024/12/12,-76%,868240
04,234190,2024/12/01,2024/12/12,-76%,234190
04,285500,2024/12/01,2024/12/12,-76%,285500
04,503630,2024/12/01,2024/12/12,-76%,503630
04,777610,2024/12/01,2024/12/12,-76%,777610
04,1028760,2024/12/01,2024/12/12,-76%,1028760
04,661700,2024/12/01,2024/12/12,-76%,661700
04,358840,2024/12/01,2024/12/12,-76%,358840
04,904860,2024/12/01,2024/12/12,-76%,904860
04,693090,2024/12/01,2024/12/12,-76%,693090
04,674750,2024/12/01,2024/12/12,-76%,674750
04,447570,2024/12/01,2024/12/12,-76%,447570
04,969240,2024/12/01,2024/12/12,-76%,969240
04,278810,2024/12/01,2024/12/12,-76%,278810
04,772360,2024/12/01,2024/12/12,-76%,772360
04,388430,2024/12/01,2024/12/12,-76%,388430
04,429050,2024/12/01,2024/12/12,-76%,429050
04,244770,2024/12/01,2024/12/12,-76%,244770
04,625730,2024/12/01,2024/12/12,-76%,625730
04,40210,2024/12/01,2024/12/12,-76%,40210
04,521200,2024/12/01,2024/12/12,-76%,521200
04,521140,2024/12/01,2024/12/12,-76%,521140
04,357910,2024/12/01,2024/12/12,-76%,357910
04,913100,2024/12/01,2024/12/12,-76%,913100
04,847860,2024/12/01,2024/12/12,-76%,847860
04,892490,2024/12/01,2024/12/12,-76%,892490
04,898080,2024/12/01,2024/12/12,-76%,898080
04,319560,2024/12/01,2024/12/12,-76%,319560
04,32680,2024/12/01,2024/12/12,-76%,32680
04,33570,2024/12/01,2024/12/12,-76%,33570
04,471270,2024/12/01,2024/12/12,-76%,471270
04,413030,2024/12/01,2024/12/12,-76%,413030
04,485330,2024/12/01,2024/12/12,-76%,485330
04,780570,2024/12/01,2024/12/12,-76%,780570
04,752380,2024/12/01,2024/12/12,-76%,752380
04,318130,2024/12/01,2024/12/12,-76%,318130
04,559340,2024/12/01,2024/12/12,-76%,559340
04,610350,2024/12/01,2024/12/12,-76%,610350
04,253290,2024/12/01,2024/12/12,-76%,253290
04,515980,2024/12/01,2024/12/12,-76%,515980
04,849670,2024/12/01,2024/12/12,-76%,849670
04,1006170,2024/12/01,2024/12/12,-76%,1006170
04,718200,2024/12/01,2024/12/12,-76%,718200
04,509310,2024/12/01,2024/12/12,-76%,509310
04,363500,2024/12/01,2024/12/12,-76%,363500
04,736610,2024/12/01,2024/12/12,-76%,736610
04,475220,2024/12/01,2024/12/12,-76%,475220
04,737330,2024/12/01,2024/12/12,-76%,737330
04,661740,2024/12/01,2024/12/12,-76%,661740
04,964770,2024/12/01,2024/12/12,-76%,964770
04,799530,2024/12/01,2024/12/12,-76%,799530
04,80,2024/12/01,2024/12/12,-76%,80
04,839250,2024/12/01,2024/12/12,-76%,839250
04,703200,2024/12/01,2024/12/12,-76%,703200
04,858880,2024/12/01,2024/12/12,-76%,858880
04,690040,2024/12/01,2024/12/12,-76%,690040
04,715270,2024/12/01,2024/12/12,-76%,715270
04,615400,2024/12/01,2024/12/12,-76%,615400
04,1010330,2024/12/01,2024/12/12,-76%,1010330
04,805610,2024/12/01,2024/12/12,-76%,805610
04,522230,2024/12/01,2024/12/12,-76%,522230
04,702890,2024/12/01,2024/12/12,-76%,702890
04,700540,2024/12/01,2024/12/12,-76%,700540
04,703730,2024/12/01,2024/12/12,-76%,703730
05,408900,2024/09/21,2024/10/04,-48%,408900
05,368640,2024/09/21,2024/10/04,-48%,368640
05,875430,2024/09/21,2024/10/04,-48%,875430
05,219200,2024/09/21,2024/10/04,-48%,219200
05,450390,2024/09/21,2024/10/04,-48%,450390
05,258890,2024/09/21,2024/10/04,-48%,258890
05,879620,2024/09/21,2024/10/04,-48%,879620
05,545200,2024/09/21,2024/10/04,-48%,545200
05,677230,2024/09/21,2024/10/04,-48%,677230
05,331290,2024/09/21,2024/10/04,-48%,331290
05,541350,2024/09/21,2024/10/04,-48%,541350
05,588920,2024/09/21,2024/10/04,-48%,588920
05,589300,2024/09/21,2024/10/04,-48%,589300
05,878750,2024/09/21,2024/10/04,-48%,878750
05,863840,2024/09/21,2024/10/04,-48%,863840
05,736250,2024/09/21,2024/10/04,-48%,736250
05,942760,2024/09/21,2024/10/04,-48%,942760
05,380560,2024/09/21,2024/10/04,-48%,380560
05,323000,2024/09/21,2024/10/04,-48%,323000
05,949000,2024/09/21,2024/10/04,-48%,949000
05,795030,2024/09/21,2024/10/04,-48%,795030
05,743640,2024/09/21,2024/10/04,-48%,743640
05,718120,2024/09/21,2024/10/04,-48%,718120
05,547390,2024/09/21,2024/10/04,-48%,547390
05,662610,2024/09/21,2024/10/04,-48%,662610
05,368860,2024/09/21,2024/10/04,-48%,368860
05,821230,2024/09/21,2024/10/04,-48%,821230
05,622060,2024/09/21,2024/10/04,-48%,622060
05,445750,2024/09/21,2024/10/04,-48%,445750
05,938850,2024/09/21,2024/10/04,-48%,938850
05,7000,2024/09/21,2024/10/04,-48%,7000
05,308173,2024/09/21,2024/10/04,-48%,308173
05,657050,2024/09/21,2024/10/04,-48%,657050
05,438640,2024/09/21,2024/10/04,-48%,438640
05,596260,2024/09/21,2024/10/04,-48%,596260
05,980300,2024/09/21,2024/10/04,-48%,980300
05,406410,2024/09/21,2024/10/04,-48%,406410
05,1022920,2024/09/21,2024/10/04,-48%,1022920
05,444650,2024/09/21,2024/10/04,-48%,444650
05,289520,2024/09/21,2024/10/04,-48%,289520
05,1026880,2024/09/21,2024/10/04,-48%,1026880
05,734080,2024/09/21,2024/10/04,-48%,734080
05,805070,2024/09/21,2024/10/04,-48%,805070
05,822740,2024/09/21,2024/10/04,-48%,822740
05,676910,2024/09/21,2024/10/04,-48%,676910
05,988650,2024/09/21,2024/10/04,-48%,988650
05,573670,2024/09/21,2024/10/04,-48%,573670
05,833140,2024/09/21,2024/10/04,-48%,833140
05,781280,2024/09/21,2024/10/04,-48%,781280
05,669990,2024/09/21,2024/10/04,-48%,669990
05,543650,2024/09/21,2024/10/04,-48%,543650
05,895060,2024/09/21,2024/10/04,-48%,895060
05,922520,2024/09/21,2024/10/04,-48%,922520
05,349550,2024/09/21,2024/10/04,-48%,349550
05,916160,2024/09/21,2024/10/04,-48%,916160
05,397240,2024/09/21,2024/10/04,-48%,397240
05,315830,2024/09/21,2024/10/04,-48%,315830
05,568720,2024/09/21,2024/10/04,-48%,568720
05,466110,2024/09/21,2024/10/04,-48%,466110
05,397990,2024/09/21,2024/10/04,-48%,397990
05,952050,2024/09/21,2024/10/04,-48%,952050
05,652760,2024/09/21,2024/10/04,-48%,652760
05,489110,2024/09/21,2024/10/04,-48%,489110
05,786450,2024/09/21,2024/10/04,-48%,786450
05,818080,2024/09/21,2024/10/04,-48%,818080
05,764410,2024/09/21,2024/10/04,-48%,764410
05,432950,2024/09/21,2024/10/04,-48%,432950
05,1020010,2024/09/21,2024/10/04,-48%,1020010
05,654570,2024/09/21,2024/10/04,-48%,654570
05,722070,2024/09/21,2024/10/04,-48%,722070
05,1007880,2024/09/21,2024/10/04,-48%,1007880
05,591560,2024/09/21,2024/10/04,-48%,591560
05,757780,2024/09/21,2024/10/04,-48%,757780
05,344220,2024/09/21,2024/10/04,-48%,344220
05,909020,2024/09/21,2024/10/04,-48%,909020
05,1004210,2024/09/21,2024/10/04,-48%,1004210
05,567670,2024/09/21,2024/10/04,-48%,567670
05,374320,2024/09/21,2024/10/04,-48%,374320
05,566270,2024/09/21,2024/10/04,-48%,566270
05,680390,2024/09/21,2024/10/04,-48%,680390
05,944960,2024/09/21,2024/10/04,-48%,944960
05,824520,2024/09/21,2024/10/04,-48%,824520
05,665160,2024/09/21,2024/10/04,-48%,665160
05,952930,2024/09/21,2024/10/04,-48%,952930
05,343000,2024/09/21,2024/10/04,-48%,343000
05,485660,2024/09/21,2024/10/04,-48%,485660
05,576480,2024/09/21,2024/10/04,-48%,576480
05,551930,2024/09/21,2024/10/04,-48%,551930
05,995850,2024/09/21,2024/10/04,-48%,995850
05,850340,2024/09/21,2024/10/04,-48%,850340
05,657410,2024/09/21,2024/10/04,-48%,657410
05,874330,2024/09/21,2024/10/04,-48%,874330
05,421120,2024/09/21,2024/10/04,-48%,421120
05,625700,2024/09/21,2024/10/04,-48%,625700
05,727860,2024/09/21,2024/10/04,-48%,727860
05,588980,2024/09/21,2024/10/04,-48%,588980
05,430890,2024/09/21,2024/10/04,-48%,430890
05,608390,2024/09/21,2024/10/04,-48%,608390
05,341760,2024/09/21,2024/10/04,-48%,341760
05,397020,2024/09/21,2024/10/04,-48%,397020
05,806510,2024/09/21,2024/10/04,-48%,806510
05,524010,2024/09/21,2024/10/04,-48%,524010
05,493670,2024/09/21,2024/10/04,-48%,493670
05,513140,2024/09/21,2024/10/04,-48%,513140
05,625040,2024/09/21,2024/10/04,-48%,625040
05,645470,2024/09/21,2024/10/04,-48%,645470
05,997720,2024/09/21,2024/10/04,-48%,997720
06,429720,2024/10/11,2024/10/25,-67%,429720
06,516610,2024/10/11,2024/10/25,-67%,516610
06,9310,2024/10/11,2024/10/25,-67%,9310
06,802740,2024/10/11,2024/10/25,-67%,802740
06,1028760,2024/10/11,2024/10/25,-67%,1028760
06,1004320,2024/10/11,2024/10/25,-67%,1004320
06,765490,2024/10/11,2024/10/25,-67%,765490
06,941600,2024/10/11,2024/10/25,-67%,941600
06,115220,2024/10/11,2024/10/25,-67%,115220
06,968990,2024/10/11,2024/10/25,-67%,968990
06,806930,2024/10/11,2024/10/25,-67%,806930
06,279900,2024/10/11,2024/10/25,-67%,279900
06,620570,2024/10/11,2024/10/25,-67%,620570
06,377310,2024/10/11,2024/10/25,-67%,377310
06,562160,2024/10/11,2024/10/25,-67%,562160
06,370940,2024/10/11,2024/10/25,-67%,370940
06,791800,2024/10/11,2024/10/25,-67%,791800
06,681390,2024/10/11,2024/10/25,-67%,681390
06,203830,2024/10/11,2024/10/25,-67%,203830
06,340310,2024/10/11,2024/10/25,-67%,340310
06,39630,2024/10/11,2024/10/25,-67%,39630
06,909430,2024/10/11,2024/10/25,-67%,909430
06,1045010,2024/10/11,2024/10/25,-67%,1045010
06,781650,2024/10/11,2024/10/25,-67%,781650
06,856560,2024/10/11,2024/10/25,-67%,856560
06,379990,2024/10/11,2024/10/25,-67%,379990
06,730760,2024/10/11,2024/10/25,-67%,730760
06,884830,2024/10/11,2024/10/25,-67%,884830
06,404400,2024/10/11,2024/10/25,-67%,404400
06,393540,2024/10/11,2024/10/25,-67%,393540
06,936650,2024/10/11,2024/10/25,-67%,936650
06,6000,2024/10/11,2024/10/25,-67%,6000
06,531780,2024/10/11,2024/10/25,-67%,531780
06,214550,2024/10/11,2024/10/25,-67%,214550
06,459630,2024/10/11,2024/10/25,-67%,459630
06,525370,2024/10/11,2024/10/25,-67%,525370
06,333220,2024/10/11,2024/10/25,-67%,333220
06,966180,2024/10/11,2024/10/25,-67%,966180
06,440750,2024/10/11,2024/10/25,-67%,440750
06,339040,2024/10/11,2024/10/25,-67%,339040
06,220,2024/10/11,2024/10/25,-67%,220
06,762850,2024/10/11,2024/10/25,-67%,762850
06,758280,2024/10/11,2024/10/25,-67%,758280
06,771500,2024/10/11,2024/10/25,-67%,771500
06,982860,2024/10/11,2024/10/25,-67%,982860
06,497280,2024/10/11,2024/10/25,-67%,497280
06,816930,2024/10/11,2024/10/25,-67%,816930
06,111000,2024/10/11,2024/10/25,-67%,111000
06,3010,2024/10/11,2024/10/25,-67%,3010
06,300340,2024/10/11,2024/10/25,-67%,300340
06,338390,2024/10/11,2024/10/25,-67%,338390
06,899530,2024/10/11,2024/10/25,-67%,899530
06,834140,2024/10/11,2024/10/25,-67%,834140
06,847890,2024/10/11,2024/10/25,-67%,847890
06,307670,2024/10/11,2024/10/25,-67%,307670
06,405530,2024/10/11,2024/10/25,-67%,405530
06,562230,2024/10/11,2024/10/25,-67%,562230
06,219070,2024/10/11,2024/10/25,-67%,219070
06,539980,2024/10/11,2024/10/25,-67%,539980
06,276810,2024/10/11,2024/10/25,-67%,276810
06,368180,2024/10/11,2024/10/25,-67%,368180
06,212070,2024/10/11,2024/10/25,-67%,212070
06,497490,2024/10/11,2024/10/25,-67%,497490
06,510570,2024/10/11,2024/10/25,-67%,510570
06,449420,2024/10/11,2024/10/25,-67%,449420
06,953740,2024/10/11,2024/10/25,-67%,953740
06,930430,2024/10/11,2024/10/25,-67%,930430
06,920460,2024/10/11,2024/10/25,-67%,920460
06,763540,2024/10/11,2024/10/25,-67%,763540
06,542220,2024/10/11,2024/10/25,-67%,542220
06,364930,2024/10/11,2024/10/25,-67%,364930
06,444440,2024/10/11,2024/10/25,-67%,444440
06,361680,2024/10/11,2024/10/25,-67%,361680
06,669390,2024/10/11,2024/10/25,-67%,669390
06,976160,2024/10/11,2024/10/25,-67%,976160
06,667510,2024/10/11,2024/10/25,-67%,667510
06,911050,2024/10/11,2024/10/25,-67%,911050
06,1020590,2024/10/11,2024/10/25,-67%,1020590
06,937620,2024/10/11,2024/10/25,-67%,937620
06,526550,2024/10/11,2024/10/25,-67%,526550
06,674330,2024/10/11,2024/10/25,-67%,674330
06,457760,2024/10/11,2024/10/25,-67%,457760
06,669730,2024/10/11,2024/10/25,-67%,669730
06,767310,2024/10/11,2024/10/25,-67%,767310
06,568400,2024/10/11,2024/10/25,-67%,568400
06,258760,2024/10/11,2024/10/25,-67%,258760
06,538680,2024/10/11,2024/10/25,-67%,538680
06,884800,2024/10/11,2024/10/25,-67%,884800
06,538900,2024/10/11,2024/10/25,-67%,538900
06,397700,2024/10/11,2024/10/25,-67%,397700
06,334260,2024/10/11,2024/10/25,-67%,334260
06,682470,2024/10/11,2024/10/25,-67%,682470
06,355860,2024/10/11,2024/10/25,-67%,355860
07,809850,2024/09/16,2024/09/28,-78%,809850
07,947430,2024/09/16,2024/09/28,-78%,947430
07,868360,2024/09/16,2024/09/28,-78%,868360
07,370170,2024/09/16,2024/09/28,-78%,370170
07,392040,2024/09/16,2024/09/28,-78%,392040
07,824200,2024/09/16,2024/09/28,-78%,824200
07,495230,2024/09/16,2024/09/28,-78%,495230
07,534780,2024/09/16,2024/09/28,-78%,534780
07,492200,2024/09/16,2024/09/28,-78%,492200
07,705430,2024/09/16,2024/09/28,-78%,705430
07,318690,2024/09/16,2024/09/28,-78%,318690
07,955070,2024/09/16,2024/09/28,-78%,955070
07,535260,2024/09/16,2024/09/28,-78%,535260
07,629100,2024/09/16,2024/09/28,-78%,629100
07,931090,2024/09/16,2024/09/28,-78%,931090
07,903710,2024/09/16,2024/09/28,-78%,903710
07,248510,2024/09/16,2024/09/28,-78%,248510
07,835640,2024/09/16,2024/09/28,-78%,835640
07,557730,2024/09/16,2024/09/28,-78%,557730
07,397390,2024/09/16,2024/09/28,-78%,397390
07,290810,2024/09/16,2024/09/28,-78%,290810
07,866150,2024/09/16,2024/09/28,-78%,866150
07,73170,2024/09/16,2024/09/28,-78%,73170
07,507360,2024/09/16,2024/09/28,-78%,507360
07,295730,2024/09/16,2024/09/28,-78%,295730
07,847310,2024/09/16,2024/09/28,-78%,847310
07,890880,2024/09/16,2024/09/28,-78%,890880
07,831720,2024/09/16,2024/09/28,-78%,831720
07,400410,2024/09/16,2024/09/28,-78%,400410
07,584280,2024/09/16,2024/09/28,-78%,584280
07,498240,2024/09/16,2024/09/28,-78%,498240
07,420900,2024/09/16,2024/09/28,-78%,420900
07,455290,2024/09/16,2024/09/28,-78%,455290
07,1014020,2024/09/16,2024/09/28,-78%,1014020
07,763410,2024/09/16,2024/09/28,-78%,763410
07,434050,2024/09/16,2024/09/28,-78%,434050
07,416360,2024/09/16,2024/09/28,-78%,416360
07,448480,2024/09/16,2024/09/28,-78%,448480
07,397870,2024/09/16,2024/09/28,-78%,397870
07,360040,2024/09/16,2024/09/28,-78%,360040
07,774141,2024/09/16,2024/09/28,-78%,774141
07,521740,2024/09/16,2024/09/28,-78%,521740
07,529910,2024/09/16,2024/09/28,-78%,529910
07,607720,2024/09/16,2024/09/28,-78%,607720
07,737390,2024/09/16,2024/09/28,-78%,737390
07,344800,2024/09/16,2024/09/28,-78%,344800
07,232010,2024/09/16,2024/09/28,-78%,232010
07,601150,2024/09/16,2024/09/28,-78%,601150
07,581030,2024/09/16,2024/09/28,-78%,581030
07,601200,2024/09/16,2024/09/28,-78%,601200
07,753420,2024/09/16,2024/09/28,-78%,753420
07,694070,2024/09/16,2024/09/28,-78%,694070
07,438090,2024/09/16,2024/09/28,-78%,438090
07,628710,2024/09/16,2024/09/28,-78%,628710
07,630100,2024/09/16,2024/09/28,-78%,630100
07,496940,2024/09/16,2024/09/28,-78%,496940
07,601010,2024/09/16,2024/09/28,-78%,601010
07,578420,2024/09/16,2024/09/28,-78%,578420
07,466000,2024/09/16,2024/09/28,-78%,466000
07,414370,2024/09/16,2024/09/28,-78%,414370
07,42230,2024/09/16,2024/09/28,-78%,42230
07,268050,2024/09/16,2024/09/28,-78%,268050
07,554920,2024/09/16,2024/09/28,-78%,554920
07,800310,2024/09/16,2024/09/28,-78%,800310
07,899180,2024/09/16,2024/09/28,-78%,899180
07,823840,2024/09/16,2024/09/28,-78%,823840
07,840500,2024/09/16,2024/09/28,-78%,840500
07,70100,2024/09/16,2024/09/28,-78%,70100
07,409660,2024/09/16,2024/09/28,-78%,409660
07,930860,2024/09/16,2024/09/28,-78%,930860
07,1050760,2024/09/16,2024/09/28,-78%,1050760
07,591130,2024/09/16,2024/09/28,-78%,591130
07,796930,2024/09/16,2024/09/28,-78%,796930
07,924100,2024/09/16,2024/09/28,-78%,924100
07,733060,2024/09/16,2024/09/28,-78%,733060
07,973170,2024/09/16,2024/09/28,-78%,973170
07,601920,2024/09/16,2024/09/28,-78%,601920
07,456810,2024/09/16,2024/09/28,-78%,456810
07,351700,2024/09/16,2024/09/28,-78%,351700
07,981440,2024/09/16,2024/09/28,-78%,981440
07,936000,2024/09/16,2024/09/28,-78%,936000
07,6120,2024/09/16,2024/09/28,-78%,6120
07,1029050,2024/09/16,2024/09/28,-78%,1029050
07,623170,2024/09/16,2024/09/28,-78%,623170
07,383620,2024/09/16,2024/09/28,-78%,383620
07,641080,2024/09/16,2024/09/28,-78%,641080
07,967250,2024/09/16,2024/09/28,-78%,967250
07,810760,2024/09/16,2024/09/28,-78%,810760
07,402210,2024/09/16,2024/09/28,-78%,402210
07,833440,2024/09/16,2024/09/28,-78%,833440
07,304050,2024/09/16,2024/09/28,-78%,304050
07,328880,2024/09/16,2024/09/28,-78%,328880
07,611720,2024/09/16,2024/09/28,-78%,611720
07,962370,2024/09/16,2024/09/28,-78%,962370
07,213390,2024/09/16,2024/09/28,-78%,213390
07,527360,2024/09/16,2024/09/28,-78%,527360
08,665370,2024/10/28,2024/11/09,-31%,665370
08,227940,2024/10/28,2024/11/09,-31%,227940
08,771710,2024/10/28,2024/11/09,-31%,771710
08,211160,2024/10/28,2024/11/09,-31%,211160
08,867090,2024/10/28,2024/11/09,-31%,867090
08,269890,2024/10/28,2024/11/09,-31%,269890
08,603940,2024/10/28,2024/11/09,-31%,603940
08,432260,2024/10/28,2024/11/09,-31%,432260
08,582290,2024/10/28,2024/11/09,-31%,582290
08,347940,2024/10/28,2024/11/09,-31%,347940
08,1035190,2024/10/28,2024/11/09,-31%,1035190
08,339190,2024/10/28,2024/11/09,-31%,339190
08,833810,2024/10/28,2024/11/09,-31%,833810
08,691250,2024/10/28,2024/11/09,-31%,691250
08,551550,2024/10/28,2024/11/09,-31%,551550
08,679480,2024/10/28,2024/11/09,-31%,679480
08,657240,2024/10/28,2024/11/09,-31%,657240
08,789200,2024/10/28,2024/11/09,-31%,789200
08,921960,2024/10/28,2024/11/09,-31%,921960
08,981670,2024/10/28,2024/11/09,-31%,981670
08,800720,2024/10/28,2024/11/09,-31%,800720
08,19020,2024/10/28,2024/11/09,-31%,19020
08,868260,2024/10/28,2024/11/09,-31%,868260
08,474750,2024/10/28,2024/11/09,-31%,474750
08,620190,2024/10/28,2024/11/09,-31%,620190
08,547920,2024/10/28,2024/11/09,-31%,547920
08,941790,2024/10/28,2024/11/09,-31%,941790
08,480490,2024/10/28,2024/11/09,-31%,480490
08,611630,2024/10/28,2024/11/09,-31%,611630
08,905450,2024/10/28,2024/11/09,-31%,905450
08,543980,2024/10/28,2024/11/09,-31%,543980
08,321400,2024/10/28,2024/11/09,-31%,321400
08,601640,2024/10/28,2024/11/09,-31%,601640
08,915190,2024/10/28,2024/11/09,-31%,915190
08,381850,2024/10/28,2024/11/09,-31%,381850
08,896400,2024/10/28,2024/11/09,-31%,896400
08,774501,2024/10/28,2024/11/09,-31%,774501
08,778470,2024/10/28,2024/11/09,-31%,778470
08,20510,2024/10/28,2024/11/09,-31%,20510
08,829610,2024/10/28,2024/11/09,-31%,829610
08,537170,2024/10/28,2024/11/09,-31%,537170
08,745650,2024/10/28,2024/11/09,-31%,745650
08,636020,2024/10/28,2024/11/09,-31%,636020
08,899960,2024/10/28,2024/11/09,-31%,899960
08,6830,2024/10/28,2024/11/09,-31%,6830
08,603910,2024/10/28,2024/11/09,-31%,603910
08,843620,2024/10/28,2024/11/09,-31%,843620
08,801300,2024/10/28,2024/11/09,-31%,801300
08,92900,2024/10/28,2024/11/09,-31%,92900
08,497670,2024/10/28,2024/11/09,-31%,497670
08,979760,2024/10/28,2024/11/09,-31%,979760
08,1014350,2024/10/28,2024/11/09,-31%,1014350
08,109200,2024/10/28,2024/11/09,-31%,109200
08,438180,2024/10/28,2024/11/09,-31%,438180
08,838640,2024/10/28,2024/11/09,-31%,838640
08,529100,2024/10/28,2024/11/09,-31%,529100
08,514530,2024/10/28,2024/11/09,-31%,514530
08,629220,2024/10/28,2024/11/09,-31%,629220
08,925070,2024/10/28,2024/11/09,-31%,925070
08,715470,2024/10/28,2024/11/09,-31%,715470
08,539350,2024/10/28,2024/11/09,-31%,539350
08,40990,2024/10/28,2024/11/09,-31%,40990
08,346560,2024/10/28,2024/11/09,-31%,346560
08,827770,2024/10/28,2024/11/09,-31%,827770
08,596640,2024/10/28,2024/11/09,-31%,596640
08,524660,2024/10/28,2024/11/09,-31%,524660
08,319830,2024/10/28,2024/11/09,-31%,319830
08,863190,2024/10/28,2024/11/09,-31%,863190
08,895940,2024/10/28,2024/11/09,-31%,895940
08,953120,2024/10/28,2024/11/09,-31%,953120
08,645780,2024/10/28,2024/11/09,-31%,645780
08,822250,2024/10/28,2024/11/09,-31%,822250
08,545250,2024/10/28,2024/11/09,-31%,545250
08,978970,2024/10/28,2024/11/09,-31%,978970
08,391650,2024/10/28,2024/11/09,-31%,391650
08,1034950,2024/10/28,2024/11/09,-31%,1034950
08,597920,2024/10/28,2024/11/09,-31%,597920
08,322750,2024/10/28,2024/11/09,-31%,322750
08,341310,2024/10/28,2024/11/09,-31%,341310
08,252690,2024/10/28,2024/11/09,-31%,252690
08,959410,2024/10/28,2024/11/09,-31%,959410
08,683530,2024/10/28,2024/11/09,-31%,683530
08,11040,2024/10/28,2024/11/09,-31%,11040
08,446050,2024/10/28,2024/11/09,-31%,446050
08,711320,2024/10/28,2024/11/09,-31%,711320
08,893620,2024/10/28,2024/11/09,-31%,893620
08,522950,2024/10/28,2024/11/09,-31%,522950
08,776450,2024/10/28,2024/11/09,-31%,776450
08,981710,2024/10/28,2024/11/09,-31%,981710
08,336770,2024/10/28,2024/11/09,-31%,336770
08,888670,2024/10/28,2024/11/09,-31%,888670
08,794270,2024/10/28,2024/11/09,-31%,794270
08,764580,2024/10/28,2024/11/09,-31%,764580
08,381260,2024/10/28,2024/11/09,-31%,381260
08,296010,2024/10/28,2024/11/09,-31%,296010
08,790080,2024/10/28,2024/11/09,-31%,790080
08,778870,2024/10/28,2024/11/09,-31%,778870
08,38490,2024/10/28,2024/11/09,-31%,38490
08,681750,2024/10/28,2024/11/09,-31%,681750
08,747310,2024/10/28,2024/11/09,-31%,747310
08,615120,2024/10/28,2024/11/09,-31%,615120
08,821850,2024/10/28,2024/11/09,-31%,821850
08,353640,2024/10/28,2024/11/09,-31%,353640
09,371660,2024/12/15,2024/12/24,-29%,371660
09,735850,2024/12/15,2024/12/24,-29%,735850
09,882200,2024/12/15,2024/12/24,-29%,882200
09,404770,2024/12/15,2024/12/24,-29%,404770
09,270830,2024/12/15,2024/12/24,-29%,270830
09,745420,2024/12/15,2024/12/24,-29%,745420
09,573370,2024/12/15,2024/12/24,-29%,573370
09,401250,2024/12/15,2024/12/24,-29%,401250
09,263800,2024/12/15,2024/12/24,-29%,263800
09,778910,2024/12/15,2024/12/24,-29%,778910
09,389570,2024/12/15,2024/12/24,-29%,389570
09,1027980,2024/12/15,2024/12/24,-29%,1027980
09,971800,2024/12/15,2024/12/24,-29%,971800
09,438720,2024/12/15,2024/12/24,-29%,438720
09,616640,2024/12/15,2024/12/24,-29%,616640
09,12460,2024/12/15,2024/12/24,-29%,12460
09,411860,2024/12/15,2024/12/24,-29%,411860
09,802690,2024/12/15,2024/12/24,-29%,802690
09,895180,2024/12/15,2024/12/24,-29%,895180
09,348910,2024/12/15,2024/12/24,-29%,348910
09,653960,2024/12/15,2024/12/24,-29%,653960
09,538790,2024/12/15,2024/12/24,-29%,538790
09,618630,2024/12/15,2024/12/24,-29%,618630
09,494600,2024/12/15,2024/12/24,-29%,494600
09,724340,2024/12/15,2024/12/24,-29%,724340
09,916970,2024/12/15,2024/12/24,-29%,916970
09,1041710,2024/12/15,2024/12/24,-29%,1041710
09,331470,2024/12/15,2024/12/24,-29%,331470
09,713940,2024/12/15,2024/12/24,-29%,713940
09,957790,2024/12/15,2024/12/24,-29%,957790
09,536890,2024/12/15,2024/12/24,-29%,536890
09,807870,2024/12/15,2024/12/24,-29%,807870
09,760360,2024/12/15,2024/12/24,-29%,760360
09,1640,2024/12/15,2024/12/24,-29%,1640
09,791400,2024/12/15,2024/12/24,-29%,791400
09,251710,2024/12/15,2024/12/24,-29%,251710
09,1007200,2024/12/15,2024/12/24,-29%,1007200
09,434380,2024/12/15,2024/12/24,-29%,434380
09,764570,2024/12/15,2024/12/24,-29%,764570
09,286880,2024/12/15,2024/12/24,-29%,286880
09,791000,2024/12/15,2024/12/24,-29%,791000
09,314610,2024/12/15,2024/12/24,-29%,314610
09,533050,2024/12/15,2024/12/24,-29%,533050
09,692310,2024/12/15,2024/12/24,-29%,692310
09,399180,2024/12/15,2024/12/24,-29%,399180
09,1025050,2024/12/15,2024/12/24,-29%,1025050
09,226740,2024/12/15,2024/12/24,-29%,226740
09,304580,2024/12/15,2024/12/24,-29%,304580
09,235620,2024/12/15,2024/12/24,-29%,235620
09,944830,2024/12/15,2024/12/24,-29%,944830
09,669380,2024/12/15,2024/12/24,-29%,669380
09,544920,2024/12/15,2024/12/24,-29%,544920
09,858880,2024/12/15,2024/12/24,-29%,858880
09,585360,2024/12/15,2024/12/24,-29%,585360
09,1031570,2024/12/15,2024/12/24,-29%,1031570
09,530010,2024/12/15,2024/12/24,-29%,530010
09,880720,2024/12/15,2024/12/24,-29%,880720
09,673880,2024/12/15,2024/12/24,-29%,673880
09,939400,2024/12/15,2024/12/24,-29%,939400
09,599600,2024/12/15,2024/12/24,-29%,599600
09,864150,2024/12/15,2024/12/24,-29%,864150
09,580890,2024/12/15,2024/12/24,-29%,580890
09,360,2024/12/15,2024/12/24,-29%,360
09,496790,2024/12/15,2024/12/24,-29%,496790
09,1027890,2024/12/15,2024/12/24,-29%,1027890
09,695880,2024/12/15,2024/12/24,-29%,695880
09,412150,2024/12/15,2024/12/24,-29%,412150
09,566560,2024/12/15,2024/12/24,-29%,566560
09,695980,2024/12/15,2024/12/24,-29%,695980
09,369890,2024/12/15,2024/12/24,-29%,369890
09,768300,2024/12/15,2024/12/24,-29%,768300
09,337960,2024/12/15,2024/12/24,-29%,337960
09,405000,2024/12/15,2024/12/24,-29%,405000
09,407330,2024/12/15,2024/12/24,-29%,407330
09,205530,2024/12/15,2024/12/24,-29%,205530
09,648070,2024/12/15,2024/12/24,-29%,648070
09,1038680,2024/12/15,2024/12/24,-29%,1038680
09,700780,2024/12/15,2024/12/24,-29%,700780
09,386990,2024/12/15,2024/12/24,-29%,386990
09,628060,2024/12/15,2024/12/24,-29%,628060
09,531190,2024/12/15,2024/12/24,-29%,531190
09,844620,2024/12/15,2024/12/24,-29%,844620
09,521280,2024/12/15,2024/12/24,-29%,521280
09,527580,2024/12/15,2024/12/24,-29%,527580
09,562800,2024/12/15,2024/12/24,-29%,562800
09,383520,2024/12/15,2024/12/24,-29%,383520
09,406930,2024/12/15,2024/12/24,-29%,406930
09,741620,2024/12/15,2024/12/24,-29%,741620
09,1007900,2024/12/15,2024/12/24,-29%,1007900
09,777250,2024/12/15,2024/12/24,-29%,777250
09,661180,2024/12/15,2024/12/24,-29%,661180
09,873500,2024/12/15,2024/12/24,-29%,873500
09,865630,2024/12/15,2024/12/24,-29%,865630
09,377140,2024/12/15,2024/12/24,-29%,377140
09,97130,2024/12/15,2024/12/24,-29%,97130
09,395470,2024/12/15,2024/12/24,-29%,395470
09,204880,2024/12/15,2024/12/24,-29%,204880
09,860820,2024/12/15,2024/12/24,-29%,860820
09,582530,2024/12/15,2024/12/24,-29%,582530
09,689270,2024/12/15,2024/12/24,-29%,689270
09,324400,2024/12/15,2024/12/24,-29%,324400
09,470440,2024/12/15,2024/12/24,-29%,470440
10,496980,2024/12/04,2024/12/11,-6%,496980
10,473460,2024/12/04,2024/12/11,-6%,473460
10,474240,2024/12/04,2024/12/11,-6%,474240
10,342310,2024/12/04,2024/12/11,-6%,342310
10,863770,2024/12/04,2024/12/11,-6%,863770
10,35720,2024/12/04,2024/12/11,-6%,35720
10,445600,2024/12/04,2024/12/11,-6%,445600
10,673250,2024/12/04,2024/12/11,-6%,673250
10,434250,2024/12/04,2024/12/11,-6%,434250
10,628580,2024/12/04,2024/12/11,-6%,628580
10,471160,2024/12/04,2024/12/11,-6%,471160
10,399910,2024/12/04,2024/12/11,-6%,399910
10,516520,2024/12/04,2024/12/11,-6%,516520
10,386960,2024/12/04,2024/12/11,-6%,386960
10,1029110,2024/12/04,2024/12/11,-6%,1029110
10,282010,2024/12/04,2024/12/11,-6%,282010
10,807050,2024/12/04,2024/12/11,-6%,807050
10,554310,2024/12/04,2024/12/11,-6%,554310
10,380700,2024/12/04,2024/12/11,-6%,380700
10,388900,2024/12/04,2024/12/11,-6%,388900
10,726340,2024/12/04,2024/12/11,-6%,726340
10,510320,2024/12/04,2024/12/11,-6%,510320
10,345080,2024/12/04,2024/12/11,-6%,345080
10,254480,2024/12/04,2024/12/11,-6%,254480
10,974450,2024/12/04,2024/12/11,-6%,974450
10,762110,2024/12/04,2024/12/11,-6%,762110
10,631900,2024/12/04,2024/12/11,-6%,631900
10,545690,2024/12/04,2024/12/11,-6%,545690
10,874130,2024/12/04,2024/12/11,-6%,874130
10,684470,2024/12/04,2024/12/11,-6%,684470
10,826480,2024/12/04,2024/12/11,-6%,826480
10,777200,2024/12/04,2024/12/11,-6%,777200
10,801210,2024/12/04,2024/12/11,-6%,801210
10,456160,2024/12/04,2024/12/11,-6%,456160
10,837500,2024/12/04,2024/12/11,-6%,837500
10,768580,2024/12/04,2024/12/11,-6%,768580
10,752880,2024/12/04,2024/12/11,-6%,752880
10,676520,2024/12/04,2024/12/11,-6%,676520
10,496240,2024/12/04,2024/12/11,-6%,496240
10,834210,2024/12/04,2024/12/11,-6%,834210
10,573410,2024/12/04,2024/12/11,-6%,573410
10,428750,2024/12/04,2024/12/11,-6%,428750
10,370140,2024/12/04,2024/12/11,-6%,370140
10,778000,2024/12/04,2024/12/11,-6%,778000
10,595480,2024/12/04,2024/12/11,-6%,595480
10,604110,2024/12/04,2024/12/11,-6%,604110
10,760450,2024/12/04,2024/12/11,-6%,760450
10,200390,2024/12/04,2024/12/11,-6%,200390
10,645340,2024/12/04,2024/12/11,-6%,645340
10,428590,2024/12/04,2024/12/11,-6%,428590
10,556130,2024/12/04,2024/12/11,-6%,556130
10,436160,2024/12/04,2024/12/11,-6%,436160
10,420070,2024/12/04,2024/12/11,-6%,420070
10,431120,2024/12/04,2024/12/11,-6%,431120
10,852740,2024/12/04,2024/12/11,-6%,852740
10,641780,2024/12/04,2024/12/11,-6%,641780
10,882080,2024/12/04,2024/12/11,-6%,882080
10,885950,2024/12/04,2024/12/11,-6%,885950
10,311560,2024/12/04,2024/12/11,-6%,311560
10,332250,2024/12/04,2024/12/11,-6%,332250
10,753980,2024/12/04,2024/12/11,-6%,753980
10,490490,2024/12/04,2024/12/11,-6%,490490
10,727180,2024/12/04,2024/12/11,-6%,727180
10,774131,2024/12/04,2024/12/11,-6%,774131
10,745630,2024/12/04,2024/12/11,-6%,745630
10,666120,2024/12/04,2024/12/11,-6%,666120
10,375480,2024/12/04,2024/12/11,-6%,375480
10,696810,2024/12/04,2024/12/11,-6%,696810
10,586710,2024/12/04,2024/12/11,-6%,586710
10,449170,2024/12/04,2024/12/11,-6%,449170
10,38400,2024/12/04,2024/12/11,-6%,38400
10,846340,2024/12/04,2024/12/11,-6%,846340
10,723020,2024/12/04,2024/12/11,-6%,723020
10,495390,2024/12/04,2024/12/11,-6%,495390
10,795960,2024/12/04,2024/12/11,-6%,795960
10,567600,2024/12/04,2024/12/11,-6%,567600
10,312530,2024/12/04,2024/12/11,-6%,312530
10,856160,2024/12/04,2024/12/11,-6%,856160
10,1034030,2024/12/04,2024/12/11,-6%,1034030
10,603530,2024/12/04,2024/12/11,-6%,603530
10,969970,2024/12/04,2024/12/11,-6%,969970
10,418370,2024/12/04,2024/12/11,-6%,418370
10,827900,2024/12/04,2024/12/11,-6%,827900
10,689480,2024/12/04,2024/12/11,-6%,689480
10,745660,2024/12/04,2024/12/11,-6%,745660
10,327210,2024/12/04,2024/12/11,-6%,327210
10,220660,2024/12/04,2024/12/11,-6%,220660
10,200390,2024/12/04,2024/12/11,-6%,200390
10,683320,2024/12/04,2024/12/11,-6%,683320
10,350550,2024/12/04,2024/12/11,-6%,350550
10,243800,2024/12/04,2024/12/11,-6%,243800
10,645260,2024/12/04,2024/12/11,-6%,645260
