Promotion_id,Game_id,Start_time,End_time,Discount
1,340190,2024/09/01,2024/09/12,0.75
1,869570,2024/09/01,2024/09/12,0.75
1,641990,2024/09/01,2024/09/12,0.75
1,599900,2024/09/01,2024/09/12,0.75
1,725040,2024/09/01,2024/09/12,0.75
1,316420,2024/09/01,2024/09/12,0.75
1,789050,2024/09/01,2024/09/12,0.75
1,299020,2024/09/01,2024/09/12,0.75
1,320310,2024/09/01,2024/09/12,0.75
1,945340,2024/09/01,2024/09/12,0.75
1,410210,2024/09/01,2024/09/12,0.75
1,517930,2024/09/01,2024/09/12,0.75
1,314070,2024/09/01,2024/09/12,0.75
1,352430,2024/09/01,2024/09/12,0.75
1,769080,2024/09/01,2024/09/12,0.75
1,908350,2024/09/01,2024/09/12,0.75
1,654050,2024/09/01,2024/09/12,0.75
1,760050,2024/09/01,2024/09/12,0.75
1,700170,2024/09/01,2024/09/12,0.75
1,72850,2024/09/01,2024/09/12,0.75
1,982990,2024/09/01,2024/09/12,0.75
1,458470,2024/09/01,2024/09/12,0.75
1,956620,2024/09/01,2024/09/12,0.75
1,1010180,2024/09/01,2024/09/12,0.75
1,513710,2024/09/01,2024/09/12,0.75
1,718220,2024/09/01,2024/09/12,0.75
1,649660,2024/09/01,2024/09/12,0.75
1,559170,2024/09/01,2024/09/12,0.75
1,507050,2024/09/01,2024/09/12,0.75
1,1012180,2024/09/01,2024/09/12,0.75
1,392470,2024/09/01,2024/09/12,0.75
1,971060,2024/09/01,2024/09/12,0.75
1,491620,2024/09/01,2024/09/12,0.75
1,358220,2024/09/01,2024/09/12,0.75
1,853980,2024/09/01,2024/09/12,0.75
1,541410,2024/09/01,2024/09/12,0.75
1,461700,2024/09/01,2024/09/12,0.75
1,729220,2024/09/01,2024/09/12,0.75
1,871670,2024/09/01,2024/09/12,0.75
1,404530,2024/09/01,2024/09/12,0.75
1,343270,2024/09/01,2024/09/12,0.75
1,693250,2024/09/01,2024/09/12,0.75
1,348950,2024/09/01,2024/09/12,0.75
1,411520,2024/09/01,2024/09/12,0.75
1,911180,2024/09/01,2024/09/12,0.75
1,801280,2024/09/01,2024/09/12,0.75
1,42120,2024/09/01,2024/09/12,0.75
1,870740,2024/09/01,2024/09/12,0.75
1,644530,2024/09/01,2024/09/12,0.75
1,617430,2024/09/01,2024/09/12,0.75
1,496510,2024/09/01,2024/09/12,0.75
1,983640,2024/09/01,2024/09/12,0.75
1,677820,2024/09/01,2024/09/12,0.75
1,372000,2024/09/01,2024/09/12,0.75
1,512220,2024/09/01,2024/09/12,0.75
1,967370,2024/09/01,2024/09/12,0.75
1,483420,2024/09/01,2024/09/12,0.75
1,386070,2024/09/01,2024/09/12,0.75
1,280680,2024/09/01,2024/09/12,0.75
1,326590,2024/09/01,2024/09/12,0.75
1,1020590,2024/09/01,2024/09/12,0.75
1,708930,2024/09/01,2024/09/12,0.75
1,618710,2024/09/01,2024/09/12,0.75
1,605850,2024/09/01,2024/09/12,0.75
1,734290,2024/09/01,2024/09/12,0.75
1,490230,2024/09/01,2024/09/12,0.75
1,576750,2024/09/01,2024/09/12,0.75
1,322930,2024/09/01,2024/09/12,0.75
1,350970,2024/09/01,2024/09/12,0.75
1,1000080,2024/09/01,2024/09/12,0.75
1,672290,2024/09/01,2024/09/12,0.75
1,862010,2024/09/01,2024/09/12,0.75
1,263860,2024/09/01,2024/09/12,0.75
1,533770,2024/09/01,2024/09/12,0.75
1,436530,2024/09/01,2024/09/12,0.75
1,644100,2024/09/01,2024/09/12,0.75
1,401680,2024/09/01,2024/09/12,0.75
1,243200,2024/09/01,2024/09/12,0.75
1,746240,2024/09/01,2024/09/12,0.75
1,630310,2024/09/01,2024/09/12,0.75
1,465840,2024/09/01,2024/09/12,0.75
1,926410,2024/09/01,2024/09/12,0.75
1,503980,2024/09/01,2024/09/12,0.75
1,220740,2024/09/01,2024/09/12,0.75
1,457860,2024/09/01,2024/09/12,0.75
1,1039380,2024/09/01,2024/09/12,0.75
1,578660,2024/09/01,2024/09/12,0.75
1,870100,2024/09/01,2024/09/12,0.75
1,544190,2024/09/01,2024/09/12,0.75
1,833270,2024/09/01,2024/09/12,0.75
1,487420,2024/09/01,2024/09/12,0.75
1,586340,2024/09/01,2024/09/12,0.75
1,50910,2024/09/01,2024/09/12,0.75
1,668590,2024/09/01,2024/09/12,0.75
1,930010,2024/09/01,2024/09/12,0.75
1,502410,2024/09/01,2024/09/12,0.75
1,33900,2024/09/01,2024/09/12,0.75
1,790660,2024/09/01,2024/09/12,0.75
1,595120,2024/09/01,2024/09/12,0.75
2,372380,2024/12/05,2024/12/15,0.35
2,211600,2024/12/05,2024/12/15,0.35
2,567260,2024/12/05,2024/12/15,0.35
2,494310,2024/12/05,2024/12/15,0.35
2,1036850,2024/12/05,2024/12/15,0.35
2,475520,2024/12/05,2024/12/15,0.35
2,667410,2024/12/05,2024/12/15,0.35
2,1013410,2024/12/05,2024/12/15,0.35
2,329650,2024/12/05,2024/12/15,0.35
2,503150,2024/12/05,2024/12/15,0.35
2,340370,2024/12/05,2024/12/15,0.35
2,952850,2024/12/05,2024/12/15,0.35
2,860080,2024/12/05,2024/12/15,0.35
2,655930,2024/12/05,2024/12/15,0.35
2,482390,2024/12/05,2024/12/15,0.35
2,683600,2024/12/05,2024/12/15,0.35
2,301750,2024/12/05,2024/12/15,0.35
2,999750,2024/12/05,2024/12/15,0.35
2,1025990,2024/12/05,2024/12/15,0.35
2,410150,2024/12/05,2024/12/15,0.35
2,470470,2024/12/05,2024/12/15,0.35
2,285670,2024/12/05,2024/12/15,0.35
2,306000,2024/12/05,2024/12/15,0.35
2,335440,2024/12/05,2024/12/15,0.35
2,660180,2024/12/05,2024/12/15,0.35
2,798280,2024/12/05,2024/12/15,0.35
2,953760,2024/12/05,2024/12/15,0.35
2,568020,2024/12/05,2024/12/15,0.35
2,795140,2024/12/05,2024/12/15,0.35
2,288000,2024/12/05,2024/12/15,0.35
2,308420,2024/12/05,2024/12/15,0.35
2,688050,2024/12/05,2024/12/15,0.35
2,841860,2024/12/05,2024/12/15,0.35
2,320430,2024/12/05,2024/12/15,0.35
2,461390,2024/12/05,2024/12/15,0.35
2,856620,2024/12/05,2024/12/15,0.35
2,733980,2024/12/05,2024/12/15,0.35
2,668800,2024/12/05,2024/12/15,0.35
2,968980,2024/12/05,2024/12/15,0.35
2,32340,2024/12/05,2024/12/15,0.35
2,258090,2024/12/05,2024/12/15,0.35
2,292880,2024/12/05,2024/12/15,0.35
2,327930,2024/12/05,2024/12/15,0.35
2,284750,2024/12/05,2024/12/15,0.35
2,490940,2024/12/05,2024/12/15,0.35
2,559030,2024/12/05,2024/12/15,0.35
2,854670,2024/12/05,2024/12/15,0.35
2,821910,2024/12/05,2024/12/15,0.35
2,755470,2024/12/05,2024/12/15,0.35
2,639490,2024/12/05,2024/12/15,0.35
2,511830,2024/12/05,2024/12/15,0.35
2,376780,2024/12/05,2024/12/15,0.35
2,311040,2024/12/05,2024/12/15,0.35
2,341750,2024/12/05,2024/12/15,0.35
2,282640,2024/12/05,2024/12/15,0.35
2,682170,2024/12/05,2024/12/15,0.35
2,444580,2024/12/05,2024/12/15,0.35
2,464230,2024/12/05,2024/12/15,0.35
2,821390,2024/12/05,2024/12/15,0.35
2,251530,2024/12/05,2024/12/15,0.35
2,344760,2024/12/05,2024/12/15,0.35
2,683890,2024/12/05,2024/12/15,0.35
2,863550,2024/12/05,2024/12/15,0.35
2,342130,2024/12/05,2024/12/15,0.35
2,495350,2024/12/05,2024/12/15,0.35
2,384890,2024/12/05,2024/12/15,0.35
2,593030,2024/12/05,2024/12/15,0.35
2,970510,2024/12/05,2024/12/15,0.35
2,830490,2024/12/05,2024/12/15,0.35
2,423900,2024/12/05,2024/12/15,0.35
2,612470,2024/12/05,2024/12/15,0.35
2,947300,2024/12/05,2024/12/15,0.35
2,655250,2024/12/05,2024/12/15,0.35
2,449180,2024/12/05,2024/12/15,0.35
2,787650,2024/12/05,2024/12/15,0.35
2,740250,2024/12/05,2024/12/15,0.35
2,1030380,2024/12/05,2024/12/15,0.35
2,588230,2024/12/05,2024/12/15,0.35
2,337280,2024/12/05,2024/12/15,0.35
2,397720,2024/12/05,2024/12/15,0.35
2,536420,2024/12/05,2024/12/15,0.35
2,793360,2024/12/05,2024/12/15,0.35
2,560150,2024/12/05,2024/12/15,0.35
2,427290,2024/12/05,2024/12/15,0.35
2,204300,2024/12/05,2024/12/15,0.35
2,365870,2024/12/05,2024/12/15,0.35
2,238870,2024/12/05,2024/12/15,0.35
2,532770,2024/12/05,2024/12/15,0.35
2,376520,2024/12/05,2024/12/15,0.35
2,463700,2024/12/05,2024/12/15,0.35
2,827780,2024/12/05,2024/12/15,0.35
3,16000,2024/12/05,2024/12/13,0.71
3,485860,2024/12/05,2024/12/13,0.71
3,244050,2024/12/05,2024/12/13,0.71
3,730670,2024/12/05,2024/12/13,0.71
3,879160,2024/12/05,2024/12/13,0.71
3,303690,2024/12/05,2024/12/13,0.71
3,1040810,2024/12/05,2024/12/13,0.71
3,273030,2024/12/05,2024/12/13,0.71
3,659190,2024/12/05,2024/12/13,0.71
3,882110,2024/12/05,2024/12/13,0.71
3,517360,2024/12/05,2024/12/13,0.71
3,229560,2024/12/05,2024/12/13,0.71
3,851530,2024/12/05,2024/12/13,0.71
3,952140,2024/12/05,2024/12/13,0.71
3,384570,2024/12/05,2024/12/13,0.71
3,665960,2024/12/05,2024/12/13,0.71
3,962050,2024/12/05,2024/12/13,0.71
3,788900,2024/12/05,2024/12/13,0.71
3,508960,2024/12/05,2024/12/13,0.71
3,763350,2024/12/05,2024/12/13,0.71
3,809880,2024/12/05,2024/12/13,0.71
3,439730,2024/12/05,2024/12/13,0.71
3,546070,2024/12/05,2024/12/13,0.71
3,957280,2024/12/05,2024/12/13,0.71
3,891090,2024/12/05,2024/12/13,0.71
3,277650,2024/12/05,2024/12/13,0.71
3,207430,2024/12/05,2024/12/13,0.71
3,895330,2024/12/05,2024/12/13,0.71
3,933390,2024/12/05,2024/12/13,0.71
3,526440,2024/12/05,2024/12/13,0.71
3,856770,2024/12/05,2024/12/13,0.71
3,535520,2024/12/05,2024/12/13,0.71
3,356880,2024/12/05,2024/12/13,0.71
3,844140,2024/12/05,2024/12/13,0.71
3,39630,2024/12/05,2024/12/13,0.71
3,479330,2024/12/05,2024/12/13,0.71
3,1017490,2024/12/05,2024/12/13,0.71
3,935720,2024/12/05,2024/12/13,0.71
3,109200,2024/12/05,2024/12/13,0.71
3,366460,2024/12/05,2024/12/13,0.71
3,511460,2024/12/05,2024/12/13,0.71
3,516790,2024/12/05,2024/12/13,0.71
3,1045530,2024/12/05,2024/12/13,0.71
3,21670,2024/12/05,2024/12/13,0.71
3,401970,2024/12/05,2024/12/13,0.71
3,1044840,2024/12/05,2024/12/13,0.71
3,778080,2024/12/05,2024/12/13,0.71
3,860770,2024/12/05,2024/12/13,0.71
3,671700,2024/12/05,2024/12/13,0.71
3,756100,2024/12/05,2024/12/13,0.71
3,765460,2024/12/05,2024/12/13,0.71
3,335620,2024/12/05,2024/12/13,0.71
3,799570,2024/12/05,2024/12/13,0.71
3,765410,2024/12/05,2024/12/13,0.71
3,598620,2024/12/05,2024/12/13,0.71
3,965900,2024/12/05,2024/12/13,0.71
3,39900,2024/12/05,2024/12/13,0.71
3,350700,2024/12/05,2024/12/13,0.71
3,407120,2024/12/05,2024/12/13,0.71
3,1019630,2024/12/05,2024/12/13,0.71
3,774421,2024/12/05,2024/12/13,0.71
3,493410,2024/12/05,2024/12/13,0.71
3,1018060,2024/12/05,2024/12/13,0.71
3,316610,2024/12/05,2024/12/13,0.71
3,529020,2024/12/05,2024/12/13,0.71
3,521800,2024/12/05,2024/12/13,0.71
3,628920,2024/12/05,2024/12/13,0.71
3,928300,2024/12/05,2024/12/13,0.71
3,411120,2024/12/05,2024/12/13,0.71
3,943900,2024/12/05,2024/12/13,0.71
3,476710,2024/12/05,2024/12/13,0.71
3,313830,2024/12/05,2024/12/13,0.71
3,415960,2024/12/05,2024/12/13,0.71
3,250400,2024/12/05,2024/12/13,0.71
3,383800,2024/12/05,2024/12/13,0.71
3,370970,2024/12/05,2024/12/13,0.71
3,867640,2024/12/05,2024/12/13,0.71
3,889730,2024/12/05,2024/12/13,0.71
3,21660,2024/12/05,2024/12/13,0.71
3,873240,2024/12/05,2024/12/13,0.71
3,676700,2024/12/05,2024/12/13,0.71
3,500420,2024/12/05,2024/12/13,0.71
3,877260,2024/12/05,2024/12/13,0.71
3,325880,2024/12/05,2024/12/13,0.71
3,668730,2024/12/05,2024/12/13,0.71
3,836400,2024/12/05,2024/12/13,0.71
3,843250,2024/12/05,2024/12/13,0.71
3,729570,2024/12/05,2024/12/13,0.71
3,385690,2024/12/05,2024/12/13,0.71
3,430020,2024/12/05,2024/12/13,0.71
3,320690,2024/12/05,2024/12/13,0.71
3,667660,2024/12/05,2024/12/13,0.71
4,434820,2024/10/23,2024/11/03,0.86
4,538950,2024/10/23,2024/11/03,0.86
4,1021690,2024/10/23,2024/11/03,0.86
4,672460,2024/10/23,2024/11/03,0.86
4,586480,2024/10/23,2024/11/03,0.86
4,456980,2024/10/23,2024/11/03,0.86
4,491020,2024/10/23,2024/11/03,0.86
4,275530,2024/10/23,2024/11/03,0.86
4,832380,2024/10/23,2024/11/03,0.86
4,335620,2024/10/23,2024/11/03,0.86
4,511540,2024/10/23,2024/11/03,0.86
4,989040,2024/10/23,2024/11/03,0.86
4,1047240,2024/10/23,2024/11/03,0.86
4,7610,2024/10/23,2024/11/03,0.86
4,339280,2024/10/23,2024/11/03,0.86
4,417750,2024/10/23,2024/11/03,0.86
4,570050,2024/10/23,2024/11/03,0.86
4,595060,2024/10/23,2024/11/03,0.86
4,1018930,2024/10/23,2024/11/03,0.86
4,679740,2024/10/23,2024/11/03,0.86
4,854250,2024/10/23,2024/11/03,0.86
4,615910,2024/10/23,2024/11/03,0.86
4,848610,2024/10/23,2024/11/03,0.86
4,557600,2024/10/23,2024/11/03,0.86
4,706380,2024/10/23,2024/11/03,0.86
4,915440,2024/10/23,2024/11/03,0.86
4,353790,2024/10/23,2024/11/03,0.86
4,939000,2024/10/23,2024/11/03,0.86
4,42500,2024/10/23,2024/11/03,0.86
4,344500,2024/10/23,2024/11/03,0.86
4,420970,2024/10/23,2024/11/03,0.86
4,354400,2024/10/23,2024/11/03,0.86
4,716190,2024/10/23,2024/11/03,0.86
4,610190,2024/10/23,2024/11/03,0.86
4,448660,2024/10/23,2024/11/03,0.86
4,438770,2024/10/23,2024/11/03,0.86
4,874180,2024/10/23,2024/11/03,0.86
4,899270,2024/10/23,2024/11/03,0.86
4,389690,2024/10/23,2024/11/03,0.86
4,659940,2024/10/23,2024/11/03,0.86
4,786820,2024/10/23,2024/11/03,0.86
4,550580,2024/10/23,2024/11/03,0.86
4,47730,2024/10/23,2024/11/03,0.86
4,691540,2024/10/23,2024/11/03,0.86
4,978440,2024/10/23,2024/11/03,0.86
4,413420,2024/10/23,2024/11/03,0.86
4,802320,2024/10/23,2024/11/03,0.86
4,667410,2024/10/23,2024/11/03,0.86
4,983880,2024/10/23,2024/11/03,0.86
4,210970,2024/10/23,2024/11/03,0.86
4,292420,2024/10/23,2024/11/03,0.86
4,674310,2024/10/23,2024/11/03,0.86
4,12460,2024/10/23,2024/11/03,0.86
4,967430,2024/10/23,2024/11/03,0.86
4,564720,2024/10/23,2024/11/03,0.86
4,771820,2024/10/23,2024/11/03,0.86
4,535480,2024/10/23,2024/11/03,0.86
4,619400,2024/10/23,2024/11/03,0.86
4,308400,2024/10/23,2024/11/03,0.86
4,596740,2024/10/23,2024/11/03,0.86
4,208710,2024/10/23,2024/11/03,0.86
4,370490,2024/10/23,2024/11/03,0.86
4,259340,2024/10/23,2024/11/03,0.86
4,371400,2024/10/23,2024/11/03,0.86
4,446840,2024/10/23,2024/11/03,0.86
4,550930,2024/10/23,2024/11/03,0.86
4,567800,2024/10/23,2024/11/03,0.86
4,342890,2024/10/23,2024/11/03,0.86
4,938240,2024/10/23,2024/11/03,0.86
4,680560,2024/10/23,2024/11/03,0.86
4,947110,2024/10/23,2024/11/03,0.86
4,658690,2024/10/23,2024/11/03,0.86
4,577980,2024/10/23,2024/11/03,0.86
4,386140,2024/10/23,2024/11/03,0.86
4,834070,2024/10/23,2024/11/03,0.86
4,829040,2024/10/23,2024/11/03,0.86
4,671690,2024/10/23,2024/11/03,0.86
4,722960,2024/10/23,2024/11/03,0.86
4,346490,2024/10/23,2024/11/03,0.86
4,349020,2024/10/23,2024/11/03,0.86
4,728090,2024/10/23,2024/11/03,0.86
4,374320,2024/10/23,2024/11/03,0.86
4,779050,2024/10/23,2024/11/03,0.86
4,723350,2024/10/23,2024/11/03,0.86
4,879470,2024/10/23,2024/11/03,0.86
4,814140,2024/10/23,2024/11/03,0.86
4,828380,2024/10/23,2024/11/03,0.86
4,302320,2024/10/23,2024/11/03,0.86
4,496540,2024/10/23,2024/11/03,0.86
4,535480,2024/10/23,2024/11/03,0.86
4,441380,2024/10/23,2024/11/03,0.86
4,997950,2024/10/23,2024/11/03,0.86
4,896370,2024/10/23,2024/11/03,0.86
4,257850,2024/10/23,2024/11/03,0.86
4,15300,2024/10/23,2024/11/03,0.86
4,325090,2024/10/23,2024/11/03,0.86
4,355230,2024/10/23,2024/11/03,0.86
4,346460,2024/10/23,2024/11/03,0.86
4,614460,2024/10/23,2024/11/03,0.86
4,896420,2024/10/23,2024/11/03,0.86
4,504210,2024/10/23,2024/11/03,0.86
4,648600,2024/10/23,2024/11/03,0.86
4,911220,2024/10/23,2024/11/03,0.86
4,555710,2024/10/23,2024/11/03,0.86
4,650700,2024/10/23,2024/11/03,0.86
4,591130,2024/10/23,2024/11/03,0.86
4,253350,2024/10/23,2024/11/03,0.86
4,945580,2024/10/23,2024/11/03,0.86
4,777650,2024/10/23,2024/11/03,0.86
4,810200,2024/10/23,2024/11/03,0.86
4,6420,2024/10/23,2024/11/03,0.86
4,730270,2024/10/23,2024/11/03,0.86
5,818590,2024/12/29,2025/01/07,0.92
5,250070,2024/12/29,2025/01/07,0.92
5,495200,2024/12/29,2025/01/07,0.92
5,593330,2024/12/29,2025/01/07,0.92
5,367080,2024/12/29,2025/01/07,0.92
5,857890,2024/12/29,2025/01/07,0.92
5,838540,2024/12/29,2025/01/07,0.92
5,610960,2024/12/29,2025/01/07,0.92
5,211970,2024/12/29,2025/01/07,0.92
5,1028250,2024/12/29,2025/01/07,0.92
5,441870,2024/12/29,2025/01/07,0.92
5,683770,2024/12/29,2025/01/07,0.92
5,690040,2024/12/29,2025/01/07,0.92
5,322190,2024/12/29,2025/01/07,0.92
5,382180,2024/12/29,2025/01/07,0.92
5,849690,2024/12/29,2025/01/07,0.92
5,814020,2024/12/29,2025/01/07,0.92
5,731600,2024/12/29,2025/01/07,0.92
5,880550,2024/12/29,2025/01/07,0.92
5,850910,2024/12/29,2025/01/07,0.92
5,922510,2024/12/29,2025/01/07,0.92
5,881250,2024/12/29,2025/01/07,0.92
5,568400,2024/12/29,2025/01/07,0.92
5,372080,2024/12/29,2025/01/07,0.92
5,436850,2024/12/29,2025/01/07,0.92
5,271920,2024/12/29,2025/01/07,0.92
5,200670,2024/12/29,2025/01/07,0.92
5,620210,2024/12/29,2025/01/07,0.92
5,299800,2024/12/29,2025/01/07,0.92
5,985420,2024/12/29,2025/01/07,0.92
5,412660,2024/12/29,2025/01/07,0.92
5,443700,2024/12/29,2025/01/07,0.92
5,504470,2024/12/29,2025/01/07,0.92
5,816810,2024/12/29,2025/01/07,0.92
5,840710,2024/12/29,2025/01/07,0.92
5,870180,2024/12/29,2025/01/07,0.92
5,544580,2024/12/29,2025/01/07,0.92
5,202670,2024/12/29,2025/01/07,0.92
5,764180,2024/12/29,2025/01/07,0.92
5,541350,2024/12/29,2025/01/07,0.92
5,436490,2024/12/29,2025/01/07,0.92
5,534460,2024/12/29,2025/01/07,0.92
5,459820,2024/12/29,2025/01/07,0.92
5,527950,2024/12/29,2025/01/07,0.92
5,513510,2024/12/29,2025/01/07,0.92
5,892380,2024/12/29,2025/01/07,0.92
5,509530,2024/12/29,2025/01/07,0.92
5,473470,2024/12/29,2025/01/07,0.92
5,772070,2024/12/29,2025/01/07,0.92
5,931780,2024/12/29,2025/01/07,0.92
5,288100,2024/12/29,2025/01/07,0.92
5,394550,2024/12/29,2025/01/07,0.92
5,704670,2024/12/29,2025/01/07,0.92
5,693300,2024/12/29,2025/01/07,0.92
5,463100,2024/12/29,2025/01/07,0.92
5,700880,2024/12/29,2025/01/07,0.92
5,446330,2024/12/29,2025/01/07,0.92
5,800160,2024/12/29,2025/01/07,0.92
5,317510,2024/12/29,2025/01/07,0.92
5,914980,2024/12/29,2025/01/07,0.92
5,573700,2024/12/29,2025/01/07,0.92
5,582920,2024/12/29,2025/01/07,0.92
5,302330,2024/12/29,2025/01/07,0.92
5,323670,2024/12/29,2025/01/07,0.92
5,385410,2024/12/29,2025/01/07,0.92
5,934500,2024/12/29,2025/01/07,0.92
5,780580,2024/12/29,2025/01/07,0.92
5,878540,2024/12/29,2025/01/07,0.92
5,791750,2024/12/29,2025/01/07,0.92
5,322900,2024/12/29,2025/01/07,0.92
5,493480,2024/12/29,2025/01/07,0.92
5,636590,2024/12/29,2025/01/07,0.92
5,834050,2024/12/29,2025/01/07,0.92
5,828350,2024/12/29,2025/01/07,0.92
5,552310,2024/12/29,2025/01/07,0.92
5,105700,2024/12/29,2025/01/07,0.92
5,1031540,2024/12/29,2025/01/07,0.92
5,529590,2024/12/29,2025/01/07,0.92
5,409320,2024/12/29,2025/01/07,0.92
5,364360,2024/12/29,2025/01/07,0.92
5,733530,2024/12/29,2025/01/07,0.92
5,573300,2024/12/29,2025/01/07,0.92
5,627950,2024/12/29,2025/01/07,0.92
5,878980,2024/12/29,2025/01/07,0.92
5,395520,2024/12/29,2025/01/07,0.92
5,575970,2024/12/29,2025/01/07,0.92
5,746350,2024/12/29,2025/01/07,0.92
5,965110,2024/12/29,2025/01/07,0.92
5,284000,2024/12/29,2025/01/07,0.92
5,343140,2024/12/29,2025/01/07,0.92
5,602140,2024/12/29,2025/01/07,0.92
5,709240,2024/12/29,2025/01/07,0.92
5,656630,2024/12/29,2025/01/07,0.92
5,333640,2024/12/29,2025/01/07,0.92
5,490870,2024/12/29,2025/01/07,0.92
5,978290,2024/12/29,2025/01/07,0.92
5,534230,2024/12/29,2025/01/07,0.92
5,922140,2024/12/29,2025/01/07,0.92
5,763230,2024/12/29,2025/01/07,0.92
5,1018420,2024/12/29,2025/01/07,0.92
5,687650,2024/12/29,2025/01/07,0.92
6,1043580,2024/09/15,2024/09/27,0.54
6,96000,2024/09/15,2024/09/27,0.54
6,311690,2024/09/15,2024/09/27,0.54
6,758480,2024/09/15,2024/09/27,0.54
6,559360,2024/09/15,2024/09/27,0.54
6,926250,2024/09/15,2024/09/27,0.54
6,409360,2024/09/15,2024/09/27,0.54
6,474790,2024/09/15,2024/09/27,0.54
6,769930,2024/09/15,2024/09/27,0.54
6,1004030,2024/09/15,2024/09/27,0.54
6,734980,2024/09/15,2024/09/27,0.54
6,38090,2024/09/15,2024/09/27,0.54
6,837260,2024/09/15,2024/09/27,0.54
6,493490,2024/09/15,2024/09/27,0.54
6,1003650,2024/09/15,2024/09/27,0.54
6,934830,2024/09/15,2024/09/27,0.54
6,278890,2024/09/15,2024/09/27,0.54
6,374990,2024/09/15,2024/09/27,0.54
6,674840,2024/09/15,2024/09/27,0.54
6,16200,2024/09/15,2024/09/27,0.54
6,881150,2024/09/15,2024/09/27,0.54
6,863750,2024/09/15,2024/09/27,0.54
6,423580,2024/09/15,2024/09/27,0.54
6,987910,2024/09/15,2024/09/27,0.54
6,939270,2024/09/15,2024/09/27,0.54
6,950750,2024/09/15,2024/09/27,0.54
6,33570,2024/09/15,2024/09/27,0.54
6,331570,2024/09/15,2024/09/27,0.54
6,465430,2024/09/15,2024/09/27,0.54
6,663430,2024/09/15,2024/09/27,0.54
6,569770,2024/09/15,2024/09/27,0.54
6,740220,2024/09/15,2024/09/27,0.54
6,607400,2024/09/15,2024/09/27,0.54
6,576670,2024/09/15,2024/09/27,0.54
6,619000,2024/09/15,2024/09/27,0.54
6,370280,2024/09/15,2024/09/27,0.54
6,887280,2024/09/15,2024/09/27,0.54
6,405010,2024/09/15,2024/09/27,0.54
6,589300,2024/09/15,2024/09/27,0.54
6,448050,2024/09/15,2024/09/27,0.54
6,646820,2024/09/15,2024/09/27,0.54
6,1045130,2024/09/15,2024/09/27,0.54
6,94400,2024/09/15,2024/09/27,0.54
6,331670,2024/09/15,2024/09/27,0.54
6,444140,2024/09/15,2024/09/27,0.54
6,443330,2024/09/15,2024/09/27,0.54
6,865750,2024/09/15,2024/09/27,0.54
6,494530,2024/09/15,2024/09/27,0.54
6,796430,2024/09/15,2024/09/27,0.54
6,878680,2024/09/15,2024/09/27,0.54
6,858380,2024/09/15,2024/09/27,0.54
6,673900,2024/09/15,2024/09/27,0.54
6,593400,2024/09/15,2024/09/27,0.54
6,9970,2024/09/15,2024/09/27,0.54
6,494960,2024/09/15,2024/09/27,0.54
6,941480,2024/09/15,2024/09/27,0.54
6,872590,2024/09/15,2024/09/27,0.54
6,731230,2024/09/15,2024/09/27,0.54
6,514990,2024/09/15,2024/09/27,0.54
6,869760,2024/09/15,2024/09/27,0.54
6,298030,2024/09/15,2024/09/27,0.54
6,655150,2024/09/15,2024/09/27,0.54
6,679390,2024/09/15,2024/09/27,0.54
6,631980,2024/09/15,2024/09/27,0.54
6,640300,2024/09/15,2024/09/27,0.54
6,490370,2024/09/15,2024/09/27,0.54
6,318020,2024/09/15,2024/09/27,0.54
6,322030,2024/09/15,2024/09/27,0.54
6,535840,2024/09/15,2024/09/27,0.54
6,935920,2024/09/15,2024/09/27,0.54
6,911230,2024/09/15,2024/09/27,0.54
6,657290,2024/09/15,2024/09/27,0.54
6,870190,2024/09/15,2024/09/27,0.54
6,982850,2024/09/15,2024/09/27,0.54
6,665350,2024/09/15,2024/09/27,0.54
6,545010,2024/09/15,2024/09/27,0.54
6,367550,2024/09/15,2024/09/27,0.54
6,673220,2024/09/15,2024/09/27,0.54
6,716850,2024/09/15,2024/09/27,0.54
6,964100,2024/09/15,2024/09/27,0.54
6,340830,2024/09/15,2024/09/27,0.54
6,675180,2024/09/15,2024/09/27,0.54
6,222880,2024/09/15,2024/09/27,0.54
6,689090,2024/09/15,2024/09/27,0.54
6,317300,2024/09/15,2024/09/27,0.54
6,719550,2024/09/15,2024/09/27,0.54
6,651170,2024/09/15,2024/09/27,0.54
6,803390,2024/09/15,2024/09/27,0.54
6,576320,2024/09/15,2024/09/27,0.54
6,324240,2024/09/15,2024/09/27,0.54
6,266170,2024/09/15,2024/09/27,0.54
7,38090,2024/12/23,2025/01/03,0.71
7,625430,2024/12/23,2025/01/03,0.71
7,625830,2024/12/23,2025/01/03,0.71
7,947270,2024/12/23,2025/01/03,0.71
7,802020,2024/12/23,2025/01/03,0.71
7,628460,2024/12/23,2025/01/03,0.71
7,315060,2024/12/23,2025/01/03,0.71
7,301970,2024/12/23,2025/01/03,0.71
7,348870,2024/12/23,2025/01/03,0.71
7,979880,2024/12/23,2025/01/03,0.71
7,842750,2024/12/23,2025/01/03,0.71
7,857500,2024/12/23,2025/01/03,0.71
7,796770,2024/12/23,2025/01/03,0.71
7,964180,2024/12/23,2025/01/03,0.71
7,458630,2024/12/23,2025/01/03,0.71
7,496290,2024/12/23,2025/01/03,0.71
7,394700,2024/12/23,2025/01/03,0.71
7,341510,2024/12/23,2025/01/03,0.71
7,223280,2024/12/23,2025/01/03,0.71
7,915420,2024/12/23,2025/01/03,0.71
7,868130,2024/12/23,2025/01/03,0.71
7,847230,2024/12/23,2025/01/03,0.71
7,364880,2024/12/23,2025/01/03,0.71
7,215670,2024/12/23,2025/01/03,0.71
7,259980,2024/12/23,2025/01/03,0.71
7,321830,2024/12/23,2025/01/03,0.71
7,215080,2024/12/23,2025/01/03,0.71
7,366010,2024/12/23,2025/01/03,0.71
7,626010,2024/12/23,2025/01/03,0.71
7,595640,2024/12/23,2025/01/03,0.71
7,461640,2024/12/23,2025/01/03,0.71
7,656240,2024/12/23,2025/01/03,0.71
7,636910,2024/12/23,2025/01/03,0.71
7,373390,2024/12/23,2025/01/03,0.71
7,749180,2024/12/23,2025/01/03,0.71
7,955230,2024/12/23,2025/01/03,0.71
7,496340,2024/12/23,2025/01/03,0.71
7,542750,2024/12/23,2025/01/03,0.71
7,713220,2024/12/23,2025/01/03,0.71
7,58560,2024/12/23,2025/01/03,0.71
7,297470,2024/12/23,2025/01/03,0.71
7,297740,2024/12/23,2025/01/03,0.71
7,563470,2024/12/23,2025/01/03,0.71
7,277470,2024/12/23,2025/01/03,0.71
7,394280,2024/12/23,2025/01/03,0.71
7,530500,2024/12/23,2025/01/03,0.71
7,776890,2024/12/23,2025/01/03,0.71
7,647090,2024/12/23,2025/01/03,0.71
7,988330,2024/12/23,2025/01/03,0.71
7,440450,2024/12/23,2025/01/03,0.71
7,337220,2024/12/23,2025/01/03,0.71
7,500940,2024/12/23,2025/01/03,0.71
7,862130,2024/12/23,2025/01/03,0.71
7,608390,2024/12/23,2025/01/03,0.71
7,636070,2024/12/23,2025/01/03,0.71
7,397640,2024/12/23,2025/01/03,0.71
7,730700,2024/12/23,2025/01/03,0.71
7,554220,2024/12/23,2025/01/03,0.71
7,427510,2024/12/23,2025/01/03,0.71
7,412130,2024/12/23,2025/01/03,0.71
7,731410,2024/12/23,2025/01/03,0.71
7,9030,2024/12/23,2025/01/03,0.71
7,814030,2024/12/23,2025/01/03,0.71
7,450630,2024/12/23,2025/01/03,0.71
7,332710,2024/12/23,2025/01/03,0.71
7,503950,2024/12/23,2025/01/03,0.71
7,906590,2024/12/23,2025/01/03,0.71
7,585500,2024/12/23,2025/01/03,0.71
7,510740,2024/12/23,2025/01/03,0.71
7,788700,2024/12/23,2025/01/03,0.71
7,632800,2024/12/23,2025/01/03,0.71
7,345200,2024/12/23,2025/01/03,0.71
7,447210,2024/12/23,2025/01/03,0.71
7,842990,2024/12/23,2025/01/03,0.71
7,700330,2024/12/23,2025/01/03,0.71
7,570710,2024/12/23,2025/01/03,0.71
7,556830,2024/12/23,2025/01/03,0.71
7,616690,2024/12/23,2025/01/03,0.71
7,705240,2024/12/23,2025/01/03,0.71
7,343150,2024/12/23,2025/01/03,0.71
7,274560,2024/12/23,2025/01/03,0.71
7,930300,2024/12/23,2025/01/03,0.71
7,25900,2024/12/23,2025/01/03,0.71
7,1027960,2024/12/23,2025/01/03,0.71
7,438130,2024/12/23,2025/01/03,0.71
7,371650,2024/12/23,2025/01/03,0.71
7,34640,2024/12/23,2025/01/03,0.71
7,503400,2024/12/23,2025/01/03,0.71
7,451640,2024/12/23,2025/01/03,0.71
7,674420,2024/12/23,2025/01/03,0.71
7,610310,2024/12/23,2025/01/03,0.71
7,655910,2024/12/23,2025/01/03,0.71
7,833260,2024/12/23,2025/01/03,0.71
7,470480,2024/12/23,2025/01/03,0.71
7,886730,2024/12/23,2025/01/03,0.71
7,856160,2024/12/23,2025/01/03,0.71
7,485890,2024/12/23,2025/01/03,0.71
7,759800,2024/12/23,2025/01/03,0.71
7,847230,2024/12/23,2025/01/03,0.71
7,929850,2024/12/23,2025/01/03,0.71
8,286460,2024/11/07,2024/11/14,0.78
8,350740,2024/11/07,2024/11/14,0.78
8,451570,2024/11/07,2024/11/14,0.78
8,688780,2024/11/07,2024/11/14,0.78
8,998730,2024/11/07,2024/11/14,0.78
8,929060,2024/11/07,2024/11/14,0.78
8,897550,2024/11/07,2024/11/14,0.78
8,362490,2024/11/07,2024/11/14,0.78
8,518150,2024/11/07,2024/11/14,0.78
8,972280,2024/11/07,2024/11/14,0.78
8,680310,2024/11/07,2024/11/14,0.78
8,538950,2024/11/07,2024/11/14,0.78
8,1002560,2024/11/07,2024/11/14,0.78
8,751550,2024/11/07,2024/11/14,0.78
8,439460,2024/11/07,2024/11/14,0.78
8,420950,2024/11/07,2024/11/14,0.78
8,450250,2024/11/07,2024/11/14,0.78
8,598490,2024/11/07,2024/11/14,0.78
8,952930,2024/11/07,2024/11/14,0.78
8,801250,2024/11/07,2024/11/14,0.78
8,703800,2024/11/07,2024/11/14,0.78
8,883100,2024/11/07,2024/11/14,0.78
8,454420,2024/11/07,2024/11/14,0.78
8,860550,2024/11/07,2024/11/14,0.78
8,738470,2024/11/07,2024/11/14,0.78
8,896420,2024/11/07,2024/11/14,0.78
8,380840,2024/11/07,2024/11/14,0.78
8,886270,2024/11/07,2024/11/14,0.78
8,684430,2024/11/07,2024/11/14,0.78
8,381320,2024/11/07,2024/11/14,0.78
8,459310,2024/11/07,2024/11/14,0.78
8,1006800,2024/11/07,2024/11/14,0.78
8,677980,2024/11/07,2024/11/14,0.78
8,435030,2024/11/07,2024/11/14,0.78
8,624680,2024/11/07,2024/11/14,0.78
8,831650,2024/11/07,2024/11/14,0.78
8,859860,2024/11/07,2024/11/14,0.78
8,395140,2024/11/07,2024/11/14,0.78
8,716150,2024/11/07,2024/11/14,0.78
8,49470,2024/11/07,2024/11/14,0.78
8,729650,2024/11/07,2024/11/14,0.78
8,815540,2024/11/07,2024/11/14,0.78
8,972480,2024/11/07,2024/11/14,0.78
8,880860,2024/11/07,2024/11/14,0.78
8,925360,2024/11/07,2024/11/14,0.78
8,204100,2024/11/07,2024/11/14,0.78
8,921060,2024/11/07,2024/11/14,0.78
8,420210,2024/11/07,2024/11/14,0.78
8,403670,2024/11/07,2024/11/14,0.78
8,372160,2024/11/07,2024/11/14,0.78
8,804970,2024/11/07,2024/11/14,0.78
8,21690,2024/11/07,2024/11/14,0.78
8,467790,2024/11/07,2024/11/14,0.78
8,368180,2024/11/07,2024/11/14,0.78
8,514410,2024/11/07,2024/11/14,0.78
8,939830,2024/11/07,2024/11/14,0.78
8,761170,2024/11/07,2024/11/14,0.78
8,288040,2024/11/07,2024/11/14,0.78
8,1010230,2024/11/07,2024/11/14,0.78
8,314360,2024/11/07,2024/11/14,0.78
8,559300,2024/11/07,2024/11/14,0.78
8,398170,2024/11/07,2024/11/14,0.78
8,50300,2024/11/07,2024/11/14,0.78
8,18020,2024/11/07,2024/11/14,0.78
8,263800,2024/11/07,2024/11/14,0.78
8,841200,2024/11/07,2024/11/14,0.78
8,621970,2024/11/07,2024/11/14,0.78
8,976420,2024/11/07,2024/11/14,0.78
8,454190,2024/11/07,2024/11/14,0.78
8,861010,2024/11/07,2024/11/14,0.78
8,65400,2024/11/07,2024/11/14,0.78
8,213610,2024/11/07,2024/11/14,0.78
8,829780,2024/11/07,2024/11/14,0.78
8,900390,2024/11/07,2024/11/14,0.78
8,373750,2024/11/07,2024/11/14,0.78
8,796440,2024/11/07,2024/11/14,0.78
8,949380,2024/11/07,2024/11/14,0.78
8,823280,2024/11/07,2024/11/14,0.78
8,872730,2024/11/07,2024/11/14,0.78
8,712660,2024/11/07,2024/11/14,0.78
8,984030,2024/11/07,2024/11/14,0.78
8,653960,2024/11/07,2024/11/14,0.78
8,733510,2024/11/07,2024/11/14,0.78
8,386960,2024/11/07,2024/11/14,0.78
8,244410,2024/11/07,2024/11/14,0.78
8,791290,2024/11/07,2024/11/14,0.78
8,9050,2024/11/07,2024/11/14,0.78
8,311240,2024/11/07,2024/11/14,0.78
8,322930,2024/11/07,2024/11/14,0.78
8,708430,2024/11/07,2024/11/14,0.78
8,536470,2024/11/07,2024/11/14,0.78
8,860380,2024/11/07,2024/11/14,0.78
8,722570,2024/11/07,2024/11/14,0.78
8,830620,2024/11/07,2024/11/14,0.78
8,372350,2024/11/07,2024/11/14,0.78
8,606680,2024/11/07,2024/11/14,0.78
8,795320,2024/11/07,2024/11/14,0.78
8,1033650,2024/11/07,2024/11/14,0.78
8,910320,2024/11/07,2024/11/14,0.78
8,492400,2024/11/07,2024/11/14,0.78
9,502090,2024/09/03,2024/09/14,0.5
9,289800,2024/09/03,2024/09/14,0.5
9,763380,2024/09/03,2024/09/14,0.5
9,622910,2024/09/03,2024/09/14,0.5
9,591940,2024/09/03,2024/09/14,0.5
9,580720,2024/09/03,2024/09/14,0.5
9,999040,2024/09/03,2024/09/14,0.5
9,705290,2024/09/03,2024/09/14,0.5
9,783960,2024/09/03,2024/09/14,0.5
9,304430,2024/09/03,2024/09/14,0.5
9,681760,2024/09/03,2024/09/14,0.5
9,438360,2024/09/03,2024/09/14,0.5
9,502940,2024/09/03,2024/09/14,0.5
9,968730,2024/09/03,2024/09/14,0.5
9,42940,2024/09/03,2024/09/14,0.5
9,336130,2024/09/03,2024/09/14,0.5
9,394550,2024/09/03,2024/09/14,0.5
9,631270,2024/09/03,2024/09/14,0.5
9,366690,2024/09/03,2024/09/14,0.5
9,825110,2024/09/03,2024/09/14,0.5
9,912120,2024/09/03,2024/09/14,0.5
9,501270,2024/09/03,2024/09/14,0.5
9,700780,2024/09/03,2024/09/14,0.5
9,581000,2024/09/03,2024/09/14,0.5
9,263940,2024/09/03,2024/09/14,0.5
9,57620,2024/09/03,2024/09/14,0.5
9,746400,2024/09/03,2024/09/14,0.5
9,438480,2024/09/03,2024/09/14,0.5
9,397660,2024/09/03,2024/09/14,0.5
9,730780,2024/09/03,2024/09/14,0.5
9,978440,2024/09/03,2024/09/14,0.5
9,958090,2024/09/03,2024/09/14,0.5
9,332730,2024/09/03,2024/09/14,0.5
9,328270,2024/09/03,2024/09/14,0.5
9,207000,2024/09/03,2024/09/14,0.5
9,1033360,2024/09/03,2024/09/14,0.5
9,619210,2024/09/03,2024/09/14,0.5
9,681290,2024/09/03,2024/09/14,0.5
9,606940,2024/09/03,2024/09/14,0.5
9,618470,2024/09/03,2024/09/14,0.5
9,988600,2024/09/03,2024/09/14,0.5
9,906000,2024/09/03,2024/09/14,0.5
9,1022280,2024/09/03,2024/09/14,0.5
9,851000,2024/09/03,2024/09/14,0.5
9,993580,2024/09/03,2024/09/14,0.5
9,390460,2024/09/03,2024/09/14,0.5
9,897630,2024/09/03,2024/09/14,0.5
9,1029790,2024/09/03,2024/09/14,0.5
9,476510,2024/09/03,2024/09/14,0.5
9,314370,2024/09/03,2024/09/14,0.5
9,765730,2024/09/03,2024/09/14,0.5
9,812110,2024/09/03,2024/09/14,0.5
9,968950,2024/09/03,2024/09/14,0.5
9,761570,2024/09/03,2024/09/14,0.5
9,497820,2024/09/03,2024/09/14,0.5
9,508950,2024/09/03,2024/09/14,0.5
9,709850,2024/09/03,2024/09/14,0.5
9,32670,2024/09/03,2024/09/14,0.5
9,677210,2024/09/03,2024/09/14,0.5
9,511830,2024/09/03,2024/09/14,0.5
9,348620,2024/09/03,2024/09/14,0.5
9,317950,2024/09/03,2024/09/14,0.5
9,622370,2024/09/03,2024/09/14,0.5
9,443360,2024/09/03,2024/09/14,0.5
9,470450,2024/09/03,2024/09/14,0.5
9,891190,2024/09/03,2024/09/14,0.5
9,583060,2024/09/03,2024/09/14,0.5
9,676210,2024/09/03,2024/09/14,0.5
9,728090,2024/09/03,2024/09/14,0.5
9,824450,2024/09/03,2024/09/14,0.5
9,985640,2024/09/03,2024/09/14,0.5
9,715060,2024/09/03,2024/09/14,0.5
9,821100,2024/09/03,2024/09/14,0.5
9,637960,2024/09/03,2024/09/14,0.5
9,381610,2024/09/03,2024/09/14,0.5
9,17140,2024/09/03,2024/09/14,0.5
9,945580,2024/09/03,2024/09/14,0.5
9,253370,2024/09/03,2024/09/14,0.5
9,582980,2024/09/03,2024/09/14,0.5
9,373860,2024/09/03,2024/09/14,0.5
9,418240,2024/09/03,2024/09/14,0.5
9,748370,2024/09/03,2024/09/14,0.5
9,1042470,2024/09/03,2024/09/14,0.5
9,400740,2024/09/03,2024/09/14,0.5
9,719300,2024/09/03,2024/09/14,0.5
9,805360,2024/09/03,2024/09/14,0.5
9,617020,2024/09/03,2024/09/14,0.5
9,580590,2024/09/03,2024/09/14,0.5
9,685950,2024/09/03,2024/09/14,0.5
9,814140,2024/09/03,2024/09/14,0.5
9,604900,2024/09/03,2024/09/14,0.5
9,631950,2024/09/03,2024/09/14,0.5
9,795110,2024/09/03,2024/09/14,0.5
9,519860,2024/09/03,2024/09/14,0.5
9,553630,2024/09/03,2024/09/14,0.5
9,538220,2024/09/03,2024/09/14,0.5
9,858880,2024/09/03,2024/09/14,0.5
9,294570,2024/09/03,2024/09/14,0.5
9,882390,2024/09/03,2024/09/14,0.5
9,362620,2024/09/03,2024/09/14,0.5
9,837290,2024/09/03,2024/09/14,0.5
9,651560,2024/09/03,2024/09/14,0.5
9,895940,2024/09/03,2024/09/14,0.5
9,905650,2024/09/03,2024/09/14,0.5
9,893590,2024/09/03,2024/09/14,0.5
9,817710,2024/09/03,2024/09/14,0.5
9,431470,2024/09/03,2024/09/14,0.5
9,526470,2024/09/03,2024/09/14,0.5
9,391640,2024/09/03,2024/09/14,0.5
9,982850,2024/09/03,2024/09/14,0.5
9,1023960,2024/09/03,2024/09/14,0.5
10,388840,2024/11/04,2024/11/12,0.47
10,764890,2024/11/04,2024/11/12,0.47
10,115210,2024/11/04,2024/11/12,0.47
10,363050,2024/11/04,2024/11/12,0.47
10,449090,2024/11/04,2024/11/12,0.47
10,752500,2024/11/04,2024/11/12,0.47
10,673870,2024/11/04,2024/11/12,0.47
10,281640,2024/11/04,2024/11/12,0.47
10,343930,2024/11/04,2024/11/12,0.47
10,441830,2024/11/04,2024/11/12,0.47
10,269150,2024/11/04,2024/11/12,0.47
10,471170,2024/11/04,2024/11/12,0.47
10,670940,2024/11/04,2024/11/12,0.47
10,773330,2024/11/04,2024/11/12,0.47
10,600140,2024/11/04,2024/11/12,0.47
10,761290,2024/11/04,2024/11/12,0.47
10,663920,2024/11/04,2024/11/12,0.47
10,311850,2024/11/04,2024/11/12,0.47
10,462520,2024/11/04,2024/11/12,0.47
10,942300,2024/11/04,2024/11/12,0.47
10,823310,2024/11/04,2024/11/12,0.47
10,735350,2024/11/04,2024/11/12,0.47
10,918140,2024/11/04,2024/11/12,0.47
10,415180,2024/11/04,2024/11/12,0.47
10,694670,2024/11/04,2024/11/12,0.47
10,378530,2024/11/04,2024/11/12,0.47
10,997790,2024/11/04,2024/11/12,0.47
10,32400,2024/11/04,2024/11/12,0.47
10,517330,2024/11/04,2024/11/12,0.47
10,774441,2024/11/04,2024/11/12,0.47
10,542790,2024/11/04,2024/11/12,0.47
10,949170,2024/11/04,2024/11/12,0.47
10,710780,2024/11/04,2024/11/12,0.47
10,555260,2024/11/04,2024/11/12,0.47
10,952420,2024/11/04,2024/11/12,0.47
10,509170,2024/11/04,2024/11/12,0.47
10,828440,2024/11/04,2024/11/12,0.47
10,332370,2024/11/04,2024/11/12,0.47
10,542770,2024/11/04,2024/11/12,0.47
10,348490,2024/11/04,2024/11/12,0.47
10,1035410,2024/11/04,2024/11/12,0.47
10,954240,2024/11/04,2024/11/12,0.47
10,830710,2024/11/04,2024/11/12,0.47
10,736200,2024/11/04,2024/11/12,0.47
10,351250,2024/11/04,2024/11/12,0.47
10,395860,2024/11/04,2024/11/12,0.47
10,876470,2024/11/04,2024/11/12,0.47
10,349100,2024/11/04,2024/11/12,0.47
10,750470,2024/11/04,2024/11/12,0.47
10,289200,2024/11/04,2024/11/12,0.47
10,692190,2024/11/04,2024/11/12,0.47
10,399120,2024/11/04,2024/11/12,0.47
10,493220,2024/11/04,2024/11/12,0.47
10,699240,2024/11/04,2024/11/12,0.47
10,705050,2024/11/04,2024/11/12,0.47
10,783330,2024/11/04,2024/11/12,0.47
10,570340,2024/11/04,2024/11/12,0.47
10,350600,2024/11/04,2024/11/12,0.47
10,57640,2024/11/04,2024/11/12,0.47
10,340250,2024/11/04,2024/11/12,0.47
10,394010,2024/11/04,2024/11/12,0.47
10,696560,2024/11/04,2024/11/12,0.47
10,543240,2024/11/04,2024/11/12,0.47
10,526140,2024/11/04,2024/11/12,0.47
10,781630,2024/11/04,2024/11/12,0.47
10,336670,2024/11/04,2024/11/12,0.47
10,435790,2024/11/04,2024/11/12,0.47
10,666600,2024/11/04,2024/11/12,0.47
10,51000,2024/11/04,2024/11/12,0.47
10,722330,2024/11/04,2024/11/12,0.47
10,961920,2024/11/04,2024/11/12,0.47
10,947400,2024/11/04,2024/11/12,0.47
10,397570,2024/11/04,2024/11/12,0.47
10,290990,2024/11/04,2024/11/12,0.47
10,535380,2024/11/04,2024/11/12,0.47
10,24460,2024/11/04,2024/11/12,0.47
10,327950,2024/11/04,2024/11/12,0.47
10,1041500,2024/11/04,2024/11/12,0.47
10,286220,2024/11/04,2024/11/12,0.47
10,490880,2024/11/04,2024/11/12,0.47
10,400510,2024/11/04,2024/11/12,0.47
10,497490,2024/11/04,2024/11/12,0.47
10,10090,2024/11/04,2024/11/12,0.47
10,377970,2024/11/04,2024/11/12,0.47
10,942920,2024/11/04,2024/11/12,0.47
10,652040,2024/11/04,2024/11/12,0.47
10,518140,2024/11/04,2024/11/12,0.47
10,329770,2024/11/04,2024/11/12,0.47
10,924960,2024/11/04,2024/11/12,0.47
10,439340,2024/11/04,2024/11/12,0.47
10,1032140,2024/11/04,2024/11/12,0.47
10,554550,2024/11/04,2024/11/12,0.47
10,516650,2024/11/04,2024/11/12,0.47
10,604060,2024/11/04,2024/11/12,0.47
10,442070,2024/11/04,2024/11/12,0.47
10,939280,2024/11/04,2024/11/12,0.47
10,502100,2024/11/04,2024/11/12,0.47
10,1048960,2024/11/04,2024/11/12,0.47
10,312350,2024/11/04,2024/11/12,0.47
10,664190,2024/11/04,2024/11/12,0.47
10,350380,2024/11/04,2024/11/12,0.47
10,900270,2024/11/04,2024/11/12,0.47
10,654940,2024/11/04,2024/11/12,0.47
