Room_id,Room_name,Game_id,Creator_id,Start_time,End_time,Status
2,Christina918's room,862490,30363,2024/09/21 03:17:10,2024/09/21 09:21:32,Closed
3,Brianna364's room,873860,26779,2024/11/03 20:07:02,2024/11/03 22:43:39,Active
3,Brianna364's room,873860,26779,2024/11/03 20:07:02,2024/11/03 22:43:39,Active
5,Patrick77's room,801410,52673,2024/09/10 18:36:33,2024/09/11 18:16:24,Closed
5,Patrick77's room,801410,52673,2024/09/10 18:36:33,2024/09/11 18:16:24,Closed
6,Brianna578's room,922410,30649,2024/11/07 19:18:52,2024/11/08 13:18:13,Closed
6,Brianna578's room,922410,30649,2024/11/07 19:18:52,2024/11/08 13:18:13,Closed
7,Logan559's room,785480,51437,2024/12/18 15:00:52,2024/12/19 12:38:09,Closed
8,journey816's room,208110,16808,2024/10/21 16:46:36,2024/10/22 09:04:54,Closed
10,engine19's room,262280,42885,2024/10/31 13:09:03,2024/11/01 01:01:19,Active
12,Richard736's room,372160,3317,2024/12/26 06:19:39,2024/12/26 11:27:00,Active
13,anchor427's room,529060,48847,2024/09/10 18:15:20,2024/09/10 20:02:50,Active
13,anchor427's room,529060,48847,2024/09/10 18:15:20,2024/09/10 20:02:50,Active
16,Colin846's room,470590,30006,2024/09/12 19:17:08,2024/09/13 05:30:02,Closed
18,Andrew111's room,551670,28561,2024/10/04 11:45:03,2024/10/05 11:12:01,Closed
18,Andrew111's room,551670,28561,2024/10/04 11:45:03,2024/10/05 11:12:01,Closed
19,Ronald599's room,990500,40538,2024/11/13 10:41:48,2024/11/13 18:54:08,Closed
21,Jack799's room,873280,24475,2024/12/15 01:42:12,2024/12/16 00:41:39,Closed
21,Jack799's room,873280,24475,2024/12/15 01:42:12,2024/12/16 00:41:39,Closed
21,Jack799's room,873280,24475,2024/12/15 01:42:12,2024/12/16 00:41:39,Closed
23,Luis346's room,505460,54859,2024/10/02 09:25:16,2024/10/02 19:50:56,Closed
23,Luis346's room,505460,54859,2024/10/02 09:25:16,2024/10/02 19:50:56,Closed
24,Hannah253's room,2990,44776,2024/12/12 09:11:47,2024/12/12 12:46:15,Closed
26,Denise612's room,320410,30703,2024/10/17 15:46:05,2024/10/18 03:35:57,Active
27,Liam34's room,731120,37862,2024/12/09 02:10:04,2024/12/10 00:19:26,Active
27,Liam34's room,731120,37862,2024/12/09 02:10:04,2024/12/10 00:19:26,Active
28,Elena792's room,537450,45786,2024/10/18 17:07:06,2024/10/19 00:38:47,Closed
29,Diane822's room,803590,32247,2024/11/29 16:53:06,2024/11/30 03:38:03,Active
30,river513's room,981910,31342,2024/11/15 13:22:26,2024/11/15 14:25:52,Active
30,river513's room,981910,31342,2024/11/15 13:22:26,2024/11/15 14:25:52,Active
37,Tyler874's room,468050,19327,2024/11/29 04:38:11,2024/11/29 23:45:32,Closed
37,Tyler874's room,468050,19327,2024/11/29 04:38:11,2024/11/29 23:45:32,Closed
37,Tyler874's room,468050,19327,2024/11/29 04:38:11,2024/11/29 23:45:32,Closed
40,Grace777's room,521650,2845,2024/09/13 20:29:23,2024/09/14 07:05:13,Closed
44,Emily466's room,1006160,34977,2024/11/29 22:58:13,2024/11/30 04:24:34,Closed
44,Emily466's room,1006160,34977,2024/11/29 22:58:13,2024/11/30 04:24:34,Closed
45,Dylan429's room,731940,639,2024/10/31 15:53:09,2024/10/31 20:36:00,Closed
46,Keith538's room,576100,33796,2024/12/05 02:44:54,2024/12/05 08:59:37,Active
46,Keith538's room,576100,33796,2024/12/05 02:44:54,2024/12/05 08:59:37,Active
48,Amanda610's room,321890,12772,2024/10/20 05:21:11,2024/10/20 23:40:16,Closed
48,Amanda610's room,321890,12772,2024/10/20 05:21:11,2024/10/20 23:40:16,Closed
51,Marie997's room,303390,10196,2024/09/12 11:21:20,2024/09/12 19:14:42,Closed
52,Douglas652's room,544750,31075,2024/11/10 11:03:08,2024/11/10 20:02:08,Closed
52,Douglas652's room,544750,31075,2024/11/10 11:03:08,2024/11/10 20:02:08,Closed
53,Liam422's room,204630,15650,2024/11/11 00:57:19,2024/11/11 09:02:00,Active
53,Liam422's room,204630,15650,2024/11/11 00:57:19,2024/11/11 09:02:00,Active
53,Liam422's room,204630,15650,2024/11/11 00:57:19,2024/11/11 09:02:00,Active
53,Liam422's room,204630,15650,2024/11/11 00:57:19,2024/11/11 09:02:00,Active
55,Margaret106's room,997530,46852,2024/09/04 09:06:21,2024/09/04 12:51:05,Active
55,Margaret106's room,997530,46852,2024/09/04 09:06:21,2024/09/04 12:51:05,Active
55,Margaret106's room,997530,46852,2024/09/04 09:06:21,2024/09/04 12:51:05,Active
58,Frank322's room,675620,27654,2024/12/19 20:54:52,2024/12/20 16:27:47,Active
58,Frank322's room,675620,27654,2024/12/19 20:54:52,2024/12/20 16:27:47,Active
60,circle569's room,370080,46673,2024/12/06 21:48:58,2024/12/07 18:29:27,Closed
60,circle569's room,370080,46673,2024/12/06 21:48:58,2024/12/07 18:29:27,Closed
64,Anna309's room,682290,49611,2024/12/08 18:59:18,2024/12/09 05:21:00,Closed
66,Jack75's room,914160,13075,2024/10/23 19:30:11,2024/10/24 01:37:42,Active
68,universe73's room,467320,32137,2024/12/05 06:44:07,2024/12/05 09:24:15,Active
68,universe73's room,467320,32137,2024/12/05 06:44:07,2024/12/05 09:24:15,Active
69,Carla700's room,477130,22755,2024/11/17 20:55:21,2024/11/18 12:53:52,Closed
70,stone480's room,726430,3572,2024/12/22 06:50:55,2024/12/22 13:31:31,Closed
73,Olivia666's room,296280,18700,2024/09/26 20:29:20,2024/09/27 15:25:09,Active
73,Olivia666's room,296280,18700,2024/09/26 20:29:20,2024/09/27 15:25:09,Active
74,Barbara596's room,413710,7054,2024/12/08 09:26:26,2024/12/08 23:16:02,Active
74,Barbara596's room,413710,7054,2024/12/08 09:26:26,2024/12/08 23:16:02,Active
75,Ruby127's room,1008850,44850,2024/09/22 17:38:17,2024/09/23 16:47:50,Active
76,Mark259's room,513960,53473,2024/11/07 06:19:13,2024/11/08 01:23:25,Closed
76,Mark259's room,513960,53473,2024/11/07 06:19:13,2024/11/08 01:23:25,Closed
79,window26's room,376130,24509,2024/12/19 07:47:51,2024/12/20 01:45:23,Active
80,Amanda43's room,277590,24992,2024/09/28 05:17:58,2024/09/28 16:02:21,Closed
80,Amanda43's room,277590,24992,2024/09/28 05:17:58,2024/09/28 16:02:21,Closed
81,net263's room,299480,24736,2024/09/17 22:12:49,2024/09/17 22:38:00,Active
84,Christopher100's room,717000,31031,2024/09/30 03:49:59,2024/09/30 11:58:54,Closed
84,Christopher100's room,717000,31031,2024/09/30 03:49:59,2024/09/30 11:58:54,Closed
84,Christopher100's room,717000,31031,2024/09/30 03:49:59,2024/09/30 11:58:54,Closed
85,Sandra72's room,834050,18915,2024/09/03 11:44:57,2024/09/04 04:50:20,Active
87,Earl391's room,514920,50099,2024/09/18 16:26:21,2024/09/18 23:51:02,Active
88,grape299's room,482300,14841,2024/11/23 11:10:39,2024/11/24 08:23:59,Closed
88,grape299's room,482300,14841,2024/11/23 11:10:39,2024/11/24 08:23:59,Closed
88,grape299's room,482300,14841,2024/11/23 11:10:39,2024/11/24 08:23:59,Closed
89,Harold545's room,849860,12202,2024/10/06 13:47:35,2024/10/07 10:23:25,Closed
90,grape567's room,393600,25887,2024/10/22 12:53:37,2024/10/23 03:13:59,Closed
91,Samantha181's room,44690,4516,2024/09/27 05:23:58,2024/09/28 05:18:42,Closed
92,zodiac984's room,916780,32952,2024/11/08 16:11:55,2024/11/09 15:56:04,Closed
92,zodiac984's room,916780,32952,2024/11/08 16:11:55,2024/11/09 15:56:04,Closed
92,zodiac984's room,916780,32952,2024/11/08 16:11:55,2024/11/09 15:56:04,Closed
94,queen845's room,656890,37276,2024/09/24 12:45:15,2024/09/25 01:34:39,Active
94,queen845's room,656890,37276,2024/09/24 12:45:15,2024/09/25 01:34:39,Active
97,Cindy974's room,700780,45261,2024/10/04 07:05:01,2024/10/04 12:04:49,Closed
97,Cindy974's room,700780,45261,2024/10/04 07:05:01,2024/10/04 12:04:49,Closed
99,queen215's room,339570,18977,2024/10/25 07:29:49,2024/10/25 12:45:40,Active
99,queen215's room,339570,18977,2024/10/25 07:29:49,2024/10/25 12:45:40,Active
99,queen215's room,339570,18977,2024/10/25 07:29:49,2024/10/25 12:45:40,Active
100,Lisa988's room,512920,26342,2024/10/13 01:56:51,2024/10/13 14:53:30,Active
101,light709's room,489140,50517,2024/11/29 19:49:23,2024/11/30 10:14:28,Closed
101,light709's room,489140,50517,2024/11/29 19:49:23,2024/11/30 10:14:28,Closed
103,Mason354's room,908440,27458,2024/10/28 07:10:25,2024/10/29 03:41:30,Active
103,Mason354's room,908440,27458,2024/10/28 07:10:25,2024/10/29 03:41:30,Active
103,Mason354's room,908440,27458,2024/10/28 07:10:25,2024/10/29 03:41:30,Active
104,Sara103's room,879220,1090,2024/09/17 18:47:00,2024/09/18 05:12:09,Active
104,Sara103's room,879220,1090,2024/09/17 18:47:00,2024/09/18 05:12:09,Active
105,Sharon670's room,242720,3588,2024/12/18 09:37:10,2024/12/18 19:10:58,Closed
105,Sharon670's room,242720,3588,2024/12/18 09:37:10,2024/12/18 19:10:58,Closed
106,Logan803's room,749200,16248,2024/11/04 08:37:49,2024/11/05 03:26:07,Closed
109,Lara682's room,37370,14724,2024/09/26 14:25:53,2024/09/27 11:54:50,Closed
109,Lara682's room,37370,14724,2024/09/26 14:25:53,2024/09/27 11:54:50,Closed
109,Lara682's room,37370,14724,2024/09/26 14:25:53,2024/09/27 11:54:50,Closed
110,jungle160's room,337970,23764,2024/10/17 08:18:54,2024/10/17 08:56:16,Closed
110,jungle160's room,337970,23764,2024/10/17 08:18:54,2024/10/17 08:56:16,Closed
111,Susan631's room,734580,27333,2024/11/17 08:40:02,2024/11/18 07:26:12,Active
112,Brittany832's room,702820,37398,2024/12/26 08:19:21,2024/12/26 19:31:58,Closed
115,Chad487's room,607490,12902,2024/10/01 14:47:14,2024/10/02 00:19:26,Active
115,Chad487's room,607490,12902,2024/10/01 14:47:14,2024/10/02 00:19:26,Active
116,Angela316's room,714370,37991,2024/12/03 23:12:51,2024/12/04 03:25:55,Closed
116,Angela316's room,714370,37991,2024/12/03 23:12:51,2024/12/04 03:25:55,Closed
116,Angela316's room,714370,37991,2024/12/03 23:12:51,2024/12/04 03:25:55,Closed
116,Angela316's room,714370,37991,2024/12/03 23:12:51,2024/12/04 03:25:55,Closed
117,Ethan981's room,314470,2881,2024/10/31 05:24:56,2024/11/01 00:01:36,Active
117,Ethan981's room,314470,2881,2024/10/31 05:24:56,2024/11/01 00:01:36,Active
122,Erica482's room,373810,2444,2024/12/21 13:41:40,2024/12/22 00:06:35,Closed
122,Erica482's room,373810,2444,2024/12/21 13:41:40,2024/12/22 00:06:35,Closed
123,Clara106's room,46710,40763,2024/11/29 05:55:57,2024/11/29 23:54:33,Closed
126,Amanda92's room,711450,24313,2024/10/29 12:41:21,2024/10/29 20:36:02,Active
128,Carl481's room,441350,26,2024/09/21 18:24:22,2024/09/22 07:10:29,Active
128,Carl481's room,441350,26,2024/09/21 18:24:22,2024/09/22 07:10:29,Active
136,Jackson670's room,847940,35677,2024/12/27 21:04:25,2024/12/28 06:16:24,Closed
136,Jackson670's room,847940,35677,2024/12/27 21:04:25,2024/12/28 06:16:24,Closed
136,Jackson670's room,847940,35677,2024/12/27 21:04:25,2024/12/28 06:16:24,Closed
138,Erik129's room,954920,29502,2024/10/28 06:25:11,2024/10/28 16:58:36,Active
139,light944's room,822460,23559,2024/09/09 10:24:21,2024/09/09 21:26:29,Closed
140,whale904's room,749320,27018,2024/09/26 12:54:58,2024/09/27 05:53:52,Active
141,Kevin272's room,388060,44705,2024/10/07 17:24:05,2024/10/07 23:40:27,Closed
141,Kevin272's room,388060,44705,2024/10/07 17:24:05,2024/10/07 23:40:27,Closed
141,Kevin272's room,388060,44705,2024/10/07 17:24:05,2024/10/07 23:40:27,Closed
142,Henry727's room,468240,51002,2024/11/24 22:51:34,2024/11/25 06:15:15,Closed
143,Luis505's room,763680,12051,2024/09/22 21:04:40,2024/09/23 06:31:41,Active
144,Rachel158's room,296650,7371,2024/11/01 20:18:03,2024/11/02 05:52:33,Closed
145,iron796's room,795140,18482,2024/10/01 16:21:38,2024/10/02 15:49:26,Closed
145,iron796's room,795140,18482,2024/10/01 16:21:38,2024/10/02 15:49:26,Closed
146,stone784's room,71260,54105,2024/11/22 13:33:26,2024/11/23 09:11:15,Active
148,Ryan604's room,726230,48406,2024/10/16 19:53:03,2024/10/17 15:46:39,Active
149,Timothy782's room,655790,10516,2024/11/16 00:17:05,2024/11/16 22:30:13,Closed
151,sun695's room,848550,52302,2024/12/07 01:52:25,2024/12/07 13:28:28,Active
153,James587's room,202730,48412,2024/11/13 03:39:51,2024/11/13 05:12:46,Closed
154,jelly778's room,517360,52109,2024/09/02 03:18:54,2024/09/02 04:04:12,Closed
154,jelly778's room,517360,52109,2024/09/02 03:18:54,2024/09/02 04:04:12,Closed
162,forest40's room,311730,19478,2024/10/22 07:13:02,2024/10/22 12:10:13,Closed
162,forest40's room,311730,19478,2024/10/22 07:13:02,2024/10/22 12:10:13,Closed
163,Mark467's room,306200,42418,2024/10/20 17:46:47,2024/10/21 16:23:55,Closed
163,Mark467's room,306200,42418,2024/10/20 17:46:47,2024/10/21 16:23:55,Closed
163,Mark467's room,306200,42418,2024/10/20 17:46:47,2024/10/21 16:23:55,Closed
164,Peter549's room,561100,38255,2024/09/02 20:28:22,2024/09/03 00:24:13,Active
165,banana835's room,995660,35706,2024/12/08 14:50:55,2024/12/09 12:50:14,Active
165,banana835's room,995660,35706,2024/12/08 14:50:55,2024/12/09 12:50:14,Active
167,Vincent803's room,779990,48589,2024/10/28 22:48:40,2024/10/29 10:02:18,Closed
169,Patricia835's room,514530,41394,2024/11/18 20:01:37,2024/11/19 17:46:42,Closed
170,Lara421's room,871290,21361,2024/12/11 20:53:16,2024/12/12 18:17:27,Closed
170,Lara421's room,871290,21361,2024/12/11 20:53:16,2024/12/12 18:17:27,Closed
170,Lara421's room,871290,21361,2024/12/11 20:53:16,2024/12/12 18:17:27,Closed
171,Vanessa745's room,927270,11683,2024/12/01 14:19:47,2024/12/01 19:06:45,Closed
173,light722's room,896650,46540,2024/12/08 17:21:56,2024/12/09 10:23:52,Active
173,light722's room,896650,46540,2024/12/08 17:21:56,2024/12/09 10:23:52,Active
175,Eric192's room,251470,47019,2024/11/18 08:56:06,2024/11/18 13:36:52,Closed
176,Anthony698's room,770830,49848,2024/09/19 04:24:23,2024/09/20 01:29:32,Active
177,village442's room,647900,35991,2024/11/22 01:24:52,2024/11/23 00:28:57,Closed
178,Roger87's room,597240,19552,2024/10/24 00:07:54,2024/10/24 14:14:57,Active
178,Roger87's room,597240,19552,2024/10/24 00:07:54,2024/10/24 14:14:57,Active
179,Diana518's room,914850,48017,2024/09/08 01:13:27,2024/09/09 00:57:19,Active
180,Tiffany246's room,620790,46866,2024/11/10 18:43:00,2024/11/10 18:50:20,Active
180,Tiffany246's room,620790,46866,2024/11/10 18:43:00,2024/11/10 18:50:20,Active
182,Timothy497's room,250380,10125,2024/09/13 03:51:00,2024/09/13 18:17:54,Active
182,Timothy497's room,250380,10125,2024/09/13 03:51:00,2024/09/13 18:17:54,Active
183,Alexa392's room,726200,6030,2024/09/28 08:08:03,2024/09/28 11:19:43,Active
183,Alexa392's room,726200,6030,2024/09/28 08:08:03,2024/09/28 11:19:43,Active
185,Brianna337's room,12470,15057,2024/10/18 08:35:37,2024/10/19 00:18:18,Closed
187,violet683's room,460950,17252,2024/12/11 23:37:58,2024/12/12 14:33:40,Active
188,Anna568's room,528160,30280,2024/09/03 13:15:24,2024/09/03 19:58:43,Active
188,Anna568's room,528160,30280,2024/09/03 13:15:24,2024/09/03 19:58:43,Active
189,Patricia200's room,1049660,27174,2024/09/10 10:23:52,2024/09/11 00:53:06,Closed
191,Maggie840's room,993370,53211,2024/09/22 08:06:47,2024/09/23 04:28:32,Active
191,Maggie840's room,993370,53211,2024/09/22 08:06:47,2024/09/23 04:28:32,Active
194,Rachel36's room,12110,11719,2024/09/26 15:22:06,2024/09/27 00:11:58,Active
197,Lucy492's room,286040,44590,2024/09/04 10:36:43,2024/09/05 00:49:27,Active
197,Lucy492's room,286040,44590,2024/09/04 10:36:43,2024/09/05 00:49:27,Active
199,rose399's room,671290,26058,2024/11/16 20:37:37,2024/11/17 15:51:17,Closed
202,Rebecca669's room,748480,6076,2024/10/12 09:34:39,2024/10/13 01:40:06,Active
203,Isaac512's room,638470,21488,2024/11/07 20:20:15,2024/11/08 14:46:06,Closed
204,Garrett215's room,583030,47109,2024/10/25 19:41:51,2024/10/26 12:26:52,Active
205,Carlos214's room,570000,17729,2024/11/05 03:42:30,2024/11/06 01:06:20,Closed
207,Connor975's room,343740,44658,2024/09/16 07:31:18,2024/09/16 07:33:09,Closed
208,Samantha426's room,604830,35254,2024/09/21 15:23:33,2024/09/21 16:08:07,Closed
209,Eli406's room,600370,12154,2024/11/11 07:46:10,2024/11/11 13:21:35,Closed
211,Erik263's room,821810,2873,2024/09/01 22:03:46,2024/09/02 04:34:37,Closed
211,Erik263's room,821810,2873,2024/09/01 22:03:46,2024/09/02 04:34:37,Closed
212,Anna776's room,689210,54327,2024/10/06 04:29:08,2024/10/06 23:40:29,Active
212,Anna776's room,689210,54327,2024/10/06 04:29:08,2024/10/06 23:40:29,Active
213,Rose644's room,384890,44548,2024/11/06 15:10:08,2024/11/06 17:00:04,Closed
213,Rose644's room,384890,44548,2024/11/06 15:10:08,2024/11/06 17:00:04,Closed
214,Harold562's room,745880,31463,2024/11/21 12:43:56,2024/11/22 06:34:00,Active
216,Clara204's room,1610,1526,2024/09/24 13:55:57,2024/09/25 04:43:45,Closed
216,Clara204's room,1610,1526,2024/09/24 13:55:57,2024/09/25 04:43:45,Closed
217,Earl930's room,16730,22908,2024/12/12 10:36:15,2024/12/13 03:35:51,Active
218,honey195's room,342940,35631,2024/11/12 15:41:28,2024/11/13 07:53:22,Active
219,Aiden719's room,348400,42001,2024/10/05 05:36:02,2024/10/05 06:02:16,Closed
220,Sandra354's room,456660,17520,2024/09/24 22:43:52,2024/09/25 20:56:59,Active
220,Sandra354's room,456660,17520,2024/09/24 22:43:52,2024/09/25 20:56:59,Active
221,Ruby262's room,271990,9714,2024/11/03 18:23:26,2024/11/04 03:52:08,Active
223,Ellen645's room,643870,41274,2024/12/29 01:09:07,2024/12/29 15:27:10,Closed
224,Cindy328's room,458380,5207,2024/10/30 08:01:56,2024/10/30 16:53:45,Active
224,Cindy328's room,458380,5207,2024/10/30 08:01:56,2024/10/30 16:53:45,Active
226,Steven139's room,365770,3675,2024/12/12 13:16:01,2024/12/12 19:43:32,Closed
227,Julia713's room,400880,13172,2024/10/03 00:57:46,2024/10/03 02:27:32,Closed
228,Kelly83's room,992960,51376,2024/09/27 23:15:40,2024/09/28 06:32:13,Closed
229,Joshua48's room,683970,48751,2024/12/05 12:58:56,2024/12/05 15:09:46,Active
229,Joshua48's room,683970,48751,2024/12/05 12:58:56,2024/12/05 15:09:46,Active
229,Joshua48's room,683970,48751,2024/12/05 12:58:56,2024/12/05 15:09:46,Active
229,Joshua48's room,683970,48751,2024/12/05 12:58:56,2024/12/05 15:09:46,Active
231,Brittany675's room,20570,20343,2024/12/26 20:09:26,2024/12/27 08:51:52,Closed
232,Chad352's room,80350,2014,2024/11/21 23:38:28,2024/11/22 11:34:21,Closed
233,rose217's room,515260,47614,2024/11/13 01:16:43,2024/11/14 00:22:21,Active
234,quiet422's room,1009900,2299,2024/11/10 00:12:27,2024/11/10 16:38:15,Closed
235,Ryan453's room,875320,53068,2024/12/10 15:00:28,2024/12/10 23:08:31,Closed
235,Ryan453's room,875320,53068,2024/12/10 15:00:28,2024/12/10 23:08:31,Closed
237,garden767's room,706320,2150,2024/12/22 15:19:09,2024/12/23 00:59:22,Active
237,garden767's room,706320,2150,2024/12/22 15:19:09,2024/12/23 00:59:22,Active
239,Anna750's room,992560,54095,2024/09/30 12:47:26,2024/09/30 18:57:41,Closed
239,Anna750's room,992560,54095,2024/09/30 12:47:26,2024/09/30 18:57:41,Closed
240,Laura993's room,384680,32531,2024/11/20 16:34:28,2024/11/21 00:01:57,Active
240,Laura993's room,384680,32531,2024/11/20 16:34:28,2024/11/21 00:01:57,Active
240,Laura993's room,384680,32531,2024/11/20 16:34:28,2024/11/21 00:01:57,Active
242,Mark214's room,528910,34433,2024/12/12 13:26:59,2024/12/12 18:39:02,Active
242,Mark214's room,528910,34433,2024/12/12 13:26:59,2024/12/12 18:39:02,Active
243,Wendy189's room,933080,36522,2024/12/05 18:39:00,2024/12/06 09:13:36,Active
243,Wendy189's room,933080,36522,2024/12/05 18:39:00,2024/12/06 09:13:36,Active
244,honey518's room,364300,11814,2024/11/21 21:15:06,2024/11/22 03:10:20,Closed
245,Ellen319's room,747790,27361,2024/10/05 09:41:17,2024/10/06 00:49:39,Active
245,Ellen319's room,747790,27361,2024/10/05 09:41:17,2024/10/06 00:49:39,Active
247,Lindsay596's room,791430,7887,2024/09/04 14:18:42,2024/09/05 00:52:35,Closed
248,David970's room,365160,49518,2024/12/01 06:26:15,2024/12/01 09:44:24,Active
248,David970's room,365160,49518,2024/12/01 06:26:15,2024/12/01 09:44:24,Active
248,David970's room,365160,49518,2024/12/01 06:26:15,2024/12/01 09:44:24,Active
249,Joy634's room,327210,5545,2024/11/25 09:18:19,2024/11/26 03:53:20,Closed
250,Jennifer982's room,711130,39305,2024/12/02 09:19:59,2024/12/03 09:16:50,Active
252,Peter195's room,985580,5165,2024/12/17 09:50:10,2024/12/18 03:46:12,Closed
252,Peter195's room,985580,5165,2024/12/17 09:50:10,2024/12/18 03:46:12,Closed
253,Doris194's room,494700,43658,2024/09/29 11:29:34,2024/09/30 00:28:08,Active
253,Doris194's room,494700,43658,2024/09/29 11:29:34,2024/09/30 00:28:08,Active
254,Carol963's room,303940,49642,2024/11/05 07:21:46,2024/11/05 20:12:53,Active
255,Owen851's room,343560,19771,2024/10/30 22:37:40,2024/10/31 19:36:10,Closed
256,Emma260's room,628450,5783,2024/11/07 16:48:08,2024/11/07 20:35:16,Closed
256,Emma260's room,628450,5783,2024/11/07 16:48:08,2024/11/07 20:35:16,Closed
257,Steven427's room,689830,23531,2024/10/23 13:34:16,2024/10/24 04:29:10,Active
258,jelly638's room,439420,22472,2024/11/18 20:13:05,2024/11/19 15:07:44,Closed
260,Ruby494's room,2450,7847,2024/12/16 10:16:26,2024/12/17 01:32:12,Closed
260,Ruby494's room,2450,7847,2024/12/16 10:16:26,2024/12/17 01:32:12,Closed
260,Ruby494's room,2450,7847,2024/12/16 10:16:26,2024/12/17 01:32:12,Closed
261,Carol624's room,971670,11055,2024/09/28 16:35:37,2024/09/29 14:13:22,Active
262,Deborah493's room,462960,37283,2024/10/29 10:26:10,2024/10/30 00:29:07,Active
262,Deborah493's room,462960,37283,2024/10/29 10:26:10,2024/10/30 00:29:07,Active
262,Deborah493's room,462960,37283,2024/10/29 10:26:10,2024/10/30 00:29:07,Active
264,Sydney913's room,665060,6984,2024/11/19 05:51:39,2024/11/19 07:31:37,Active
267,Scott522's room,753920,41792,2024/11/30 06:55:41,2024/12/01 01:32:27,Active
269,Nicholas918's room,554590,21832,2024/09/05 04:37:16,2024/09/05 21:15:28,Closed
269,Nicholas918's room,554590,21832,2024/09/05 04:37:16,2024/09/05 21:15:28,Closed
271,Diana472's room,586350,18025,2024/12/23 16:26:03,2024/12/24 13:27:37,Active
271,Diana472's room,586350,18025,2024/12/23 16:26:03,2024/12/24 13:27:37,Active
272,Colin893's room,464530,9827,2024/11/04 12:35:25,2024/11/04 23:23:51,Active
272,Colin893's room,464530,9827,2024/11/04 12:35:25,2024/11/04 23:23:51,Active
276,Jessica320's room,521990,15454,2024/09/24 02:05:21,2024/09/24 03:45:02,Closed
279,Mary62's room,489260,28579,2024/09/23 19:15:50,2024/09/23 20:28:26,Closed
279,Mary62's room,489260,28579,2024/09/23 19:15:50,2024/09/23 20:28:26,Closed
282,ice520's room,844820,35572,2024/09/11 20:49:19,2024/09/12 00:04:21,Active
284,Zachary844's room,250760,51371,2024/10/08 15:45:43,2024/10/09 03:05:55,Active
286,Jordan916's room,520670,33082,2024/09/07 01:31:05,2024/09/07 05:12:55,Closed
286,Jordan916's room,520670,33082,2024/09/07 01:31:05,2024/09/07 05:12:55,Closed
288,Nicole542's room,249550,2269,2024/12/23 17:08:43,2024/12/23 17:37:57,Active
288,Nicole542's room,249550,2269,2024/12/23 17:08:43,2024/12/23 17:37:57,Active
289,Elaine935's room,1039800,3090,2024/12/02 21:52:04,2024/12/03 08:10:45,Active
289,Elaine935's room,1039800,3090,2024/12/02 21:52:04,2024/12/03 08:10:45,Active
290,Clara44's room,542050,11088,2024/10/13 14:21:14,2024/10/13 14:52:55,Closed
290,Clara44's room,542050,11088,2024/10/13 14:21:14,2024/10/13 14:52:55,Closed
292,Chris889's room,1031570,15890,2024/09/28 04:28:32,2024/09/28 09:08:40,Closed
292,Chris889's room,1031570,15890,2024/09/28 04:28:32,2024/09/28 09:08:40,Closed
293,Laura562's room,412490,53704,2024/10/17 08:19:39,2024/10/17 10:45:03,Active
294,Maria739's room,365120,44093,2024/09/26 05:43:26,2024/09/26 23:44:04,Closed
295,Tiffany60's room,662640,4837,2024/12/05 04:53:38,2024/12/05 10:08:48,Closed
296,Maria104's room,1013580,15604,2024/11/13 16:56:44,2024/11/14 13:00:30,Active
297,Alexander33's room,772680,38887,2024/11/11 14:10:02,2024/11/12 12:26:09,Closed
297,Alexander33's room,772680,38887,2024/11/11 14:10:02,2024/11/12 12:26:09,Closed
302,Brian923's room,749890,39218,2024/10/28 07:30:04,2024/10/28 13:47:35,Closed
303,Isabel516's room,545850,27220,2024/09/17 00:37:27,2024/09/17 12:38:57,Closed
304,Lisa220's room,371880,44176,2024/10/13 00:57:17,2024/10/13 16:57:27,Active
306,hat598's room,469600,13157,2024/09/24 02:09:58,2024/09/24 19:59:14,Closed
306,hat598's room,469600,13157,2024/09/24 02:09:58,2024/09/24 19:59:14,Closed
306,hat598's room,469600,13157,2024/09/24 02:09:58,2024/09/24 19:59:14,Closed
306,hat598's room,469600,13157,2024/09/24 02:09:58,2024/09/24 19:59:14,Closed
307,Dylan733's room,633440,34364,2024/12/21 06:25:10,2024/12/21 17:04:38,Closed
307,Dylan733's room,633440,34364,2024/12/21 06:25:10,2024/12/21 17:04:38,Closed
308,Claire948's room,865870,51689,2024/10/18 10:39:45,2024/10/18 16:33:14,Active
309,fox415's room,276240,2262,2024/10/05 20:42:16,2024/10/06 06:39:50,Closed
311,Maria143's room,387290,15685,2024/09/14 20:31:48,2024/09/15 05:07:50,Active
312,zebra438's room,428200,34489,2024/12/29 21:29:15,2024/12/30 08:19:14,Active
315,jungle827's room,925340,6389,2024/12/15 18:46:46,2024/12/16 02:17:45,Active
316,Erin133's room,92220,48172,2024/10/02 03:18:34,2024/10/02 08:38:58,Closed
318,Ian453's room,742120,13221,2024/11/04 21:34:39,2024/11/05 19:22:35,Active
319,Emily351's room,822770,49537,2024/11/21 12:43:49,2024/11/21 15:51:09,Closed
319,Emily351's room,822770,49537,2024/11/21 12:43:49,2024/11/21 15:51:09,Closed
321,lake200's room,820190,27169,2024/10/29 14:39:34,2024/10/30 01:11:27,Active
323,violet988's room,544590,11561,2024/10/09 03:27:07,2024/10/09 20:52:47,Closed
323,violet988's room,544590,11561,2024/10/09 03:27:07,2024/10/09 20:52:47,Closed
324,Nicole259's room,486380,23781,2024/10/09 11:19:32,2024/10/10 11:14:45,Active
326,lamp196's room,323450,6287,2024/10/11 07:47:33,2024/10/12 01:22:39,Closed
326,lamp196's room,323450,6287,2024/10/11 07:47:33,2024/10/12 01:22:39,Closed
328,Colin627's room,39200,54737,2024/11/03 23:48:12,2024/11/04 20:42:15,Closed
328,Colin627's room,39200,54737,2024/11/03 23:48:12,2024/11/04 20:42:15,Closed
329,cherry998's room,656440,36099,2024/12/25 00:38:50,2024/12/25 12:31:31,Closed
331,Carmen561's room,283940,45379,2024/10/09 06:46:29,2024/10/10 03:59:24,Active
332,Austin190's room,13560,32035,2024/09/24 15:17:15,2024/09/25 11:33:57,Active
333,Olivia366's room,738880,881,2024/10/15 23:55:20,2024/10/16 06:56:35,Closed
333,Olivia366's room,738880,881,2024/10/15 23:55:20,2024/10/16 06:56:35,Closed
333,Olivia366's room,738880,881,2024/10/15 23:55:20,2024/10/16 06:56:35,Closed
333,Olivia366's room,738880,881,2024/10/15 23:55:20,2024/10/16 06:56:35,Closed
334,umbrella897's room,761910,21914,2024/10/23 17:11:29,2024/10/24 15:04:19,Active
334,umbrella897's room,761910,21914,2024/10/23 17:11:29,2024/10/24 15:04:19,Active
334,umbrella897's room,761910,21914,2024/10/23 17:11:29,2024/10/24 15:04:19,Active
335,home627's room,267060,27595,2024/10/30 00:22:22,2024/10/30 22:22:03,Closed
335,home627's room,267060,27595,2024/10/30 00:22:22,2024/10/30 22:22:03,Closed
337,Jack131's room,533860,33020,2024/12/30 00:10:48,2024/12/30 13:27:02,Active
338,quiet822's room,280640,11423,2024/11/16 02:57:45,2024/11/16 09:37:29,Closed
340,Victor83's room,601810,26833,2024/11/27 14:32:38,2024/11/27 19:44:46,Closed
340,Victor83's room,601810,26833,2024/11/27 14:32:38,2024/11/27 19:44:46,Closed
341,xylophone644's room,292480,7384,2024/11/04 09:01:45,2024/11/04 23:09:22,Active
343,bubble259's room,629080,32,2024/12/31 23:57:34,2025/01/01 03:08:47,Active
343,bubble259's room,629080,32,2024/12/31 23:57:34,2025/01/01 03:08:47,Active
344,fish176's room,513360,806,2024/10/31 21:57:00,2024/11/01 12:41:59,Closed
347,quartz451's room,432990,35383,2024/10/30 01:20:20,2024/10/30 03:28:52,Active
347,quartz451's room,432990,35383,2024/10/30 01:20:20,2024/10/30 03:28:52,Active
349,Frank208's room,319560,25514,2024/12/26 05:34:56,2024/12/27 03:25:59,Closed
349,Frank208's room,319560,25514,2024/12/26 05:34:56,2024/12/27 03:25:59,Closed
350,yogurt695's room,527890,25223,2024/11/10 14:55:56,2024/11/11 14:10:23,Active
351,apple181's room,1054980,25812,2024/12/27 00:13:00,2024/12/27 09:35:44,Active
351,apple181's room,1054980,25812,2024/12/27 00:13:00,2024/12/27 09:35:44,Active
352,Katie430's room,278080,47462,2024/09/22 23:04:15,2024/09/23 21:11:29,Active
352,Katie430's room,278080,47462,2024/09/22 23:04:15,2024/09/23 21:11:29,Active
353,notebook553's room,985500,26617,2024/12/10 02:41:44,2024/12/10 06:57:26,Closed
354,yogurt537's room,357910,43362,2024/10/02 13:58:55,2024/10/03 02:27:31,Active
354,yogurt537's room,357910,43362,2024/10/02 13:58:55,2024/10/03 02:27:31,Active
354,yogurt537's room,357910,43362,2024/10/02 13:58:55,2024/10/03 02:27:31,Active
357,yard424's room,581320,47393,2024/12/06 20:15:30,2024/12/07 10:22:03,Active
357,yard424's room,581320,47393,2024/12/06 20:15:30,2024/12/07 10:22:03,Active
358,hat270's room,401970,39847,2024/10/02 10:14:34,2024/10/03 02:20:45,Closed
358,hat270's room,401970,39847,2024/10/02 10:14:34,2024/10/03 02:20:45,Closed
359,cloud296's room,722960,12287,2024/12/13 09:28:36,2024/12/13 19:49:57,Active
359,cloud296's room,722960,12287,2024/12/13 09:28:36,2024/12/13 19:49:57,Active
359,cloud296's room,722960,12287,2024/12/13 09:28:36,2024/12/13 19:49:57,Active
360,Crystal43's room,791750,26746,2024/10/22 05:14:39,2024/10/22 18:51:48,Closed
360,Crystal43's room,791750,26746,2024/10/22 05:14:39,2024/10/22 18:51:48,Closed
362,Connor880's room,280600,10749,2024/10/01 06:53:53,2024/10/01 08:06:16,Active
362,Connor880's room,280600,10749,2024/10/01 06:53:53,2024/10/01 08:06:16,Active
363,Laura830's room,332530,29796,2024/11/30 04:37:15,2024/11/30 17:17:34,Closed
363,Laura830's room,332530,29796,2024/11/30 04:37:15,2024/11/30 17:17:34,Closed
363,Laura830's room,332530,29796,2024/11/30 04:37:15,2024/11/30 17:17:34,Closed
363,Laura830's room,332530,29796,2024/11/30 04:37:15,2024/11/30 17:17:34,Closed
364,Catherine312's room,591080,45817,2024/09/19 21:06:59,2024/09/20 19:58:47,Closed
365,zebra187's room,572300,46004,2024/10/29 03:05:29,2024/10/29 15:40:41,Active
366,apple520's room,751220,3600,2024/12/21 09:57:30,2024/12/22 09:55:46,Active
367,Jeffrey727's room,289840,145,2024/10/24 05:01:46,2024/10/24 17:55:57,Active
368,fox846's room,437710,52505,2024/11/05 15:35:55,2024/11/06 07:13:43,Closed
368,fox846's room,437710,52505,2024/11/05 15:35:55,2024/11/06 07:13:43,Closed
369,Anthony685's room,548390,28742,2024/11/30 02:37:58,2024/11/30 11:30:44,Closed
370,Maggie811's room,770740,45865,2024/09/12 22:09:19,2024/09/13 21:40:26,Active
371,magic519's room,355760,11087,2024/12/20 08:23:49,2024/12/21 05:46:36,Active
371,magic519's room,355760,11087,2024/12/20 08:23:49,2024/12/21 05:46:36,Active
372,Carlos70's room,977210,23205,2024/12/02 20:40:46,2024/12/03 08:37:55,Active
372,Carlos70's room,977210,23205,2024/12/02 20:40:46,2024/12/03 08:37:55,Active
373,Joyce431's room,693990,29985,2024/09/23 06:33:43,2024/09/23 17:50:40,Closed
373,Joyce431's room,693990,29985,2024/09/23 06:33:43,2024/09/23 17:50:40,Closed
373,Joyce431's room,693990,29985,2024/09/23 06:33:43,2024/09/23 17:50:40,Closed
374,violet527's room,466560,26648,2024/12/03 23:18:57,2024/12/04 15:20:34,Active
374,violet527's room,466560,26648,2024/12/03 23:18:57,2024/12/04 15:20:34,Active
376,Marie419's room,719350,17649,2024/11/21 06:40:12,2024/11/21 23:47:57,Active
376,Marie419's room,719350,17649,2024/11/21 06:40:12,2024/11/21 23:47:57,Active
377,Stephen365's room,42810,33968,2024/12/31 14:22:26,2025/01/01 07:53:56,Closed
380,umbrella663's room,509340,33711,2024/09/17 13:16:38,2024/09/17 19:28:51,Active
381,Ashley805's room,765590,36691,2024/10/17 18:44:11,2024/10/18 12:09:04,Active
382,Emma160's room,844310,10914,2024/09/09 14:11:33,2024/09/10 06:07:28,Active
382,Emma160's room,844310,10914,2024/09/09 14:11:33,2024/09/10 06:07:28,Active
384,Martha366's room,12670,10250,2024/09/13 23:03:44,2024/09/14 00:22:52,Active
385,Matthew78's room,340500,11290,2024/10/12 03:53:10,2024/10/12 12:39:28,Active
386,Jackson612's room,289690,5796,2024/12/14 21:52:29,2024/12/14 23:23:35,Closed
387,apple640's room,590970,51127,2024/12/19 11:47:19,2024/12/19 16:17:26,Closed
388,Carmen37's room,772230,2508,2024/09/18 03:34:27,2024/09/18 07:01:35,Active
391,Lucy581's room,1029160,50677,2024/12/20 03:28:20,2024/12/20 06:16:01,Closed
394,Clara295's room,410130,42523,2024/12/17 21:38:43,2024/12/18 06:05:06,Active
394,Clara295's room,410130,42523,2024/12/17 21:38:43,2024/12/18 06:05:06,Active
395,Christopher898's room,334840,52875,2024/10/12 07:22:00,2024/10/12 21:34:21,Active
397,Charlotte174's room,463120,33308,2024/12/16 17:00:12,2024/12/17 13:46:05,Active
397,Charlotte174's room,463120,33308,2024/12/16 17:00:12,2024/12/17 13:46:05,Active
398,goat363's room,843870,2393,2024/11/18 23:25:00,2024/11/19 13:30:10,Active
399,Liam997's room,613420,42677,2024/12/20 00:27:42,2024/12/20 20:59:20,Active
400,Julian524's room,302290,14959,2024/10/02 02:22:05,2024/10/02 10:23:42,Active
403,Thomas606's room,611770,25570,2024/11/21 23:52:44,2024/11/22 12:00:08,Closed
404,Elijah322's room,510490,54590,2024/10/25 19:27:51,2024/10/26 16:09:32,Active
409,elephant182's room,715650,53705,2024/11/23 18:22:57,2024/11/23 19:29:05,Active
409,elephant182's room,715650,53705,2024/11/23 18:22:57,2024/11/23 19:29:05,Active
410,stone195's room,288750,44031,2024/12/21 01:52:24,2024/12/21 18:34:07,Active
410,stone195's room,288750,44031,2024/12/21 01:52:24,2024/12/21 18:34:07,Active
411,Grace73's room,861850,14654,2024/09/27 12:40:16,2024/09/28 09:27:28,Closed
411,Grace73's room,861850,14654,2024/09/27 12:40:16,2024/09/28 09:27:28,Closed
413,Oscar305's room,913890,26189,2024/12/27 19:45:53,2024/12/28 08:26:10,Active
416,Wendy403's room,825930,13069,2024/09/17 17:12:29,2024/09/18 03:16:44,Active
418,Brianna383's room,422970,23605,2024/10/20 15:06:41,2024/10/21 10:00:57,Active
418,Brianna383's room,422970,23605,2024/10/20 15:06:41,2024/10/21 10:00:57,Active
418,Brianna383's room,422970,23605,2024/10/20 15:06:41,2024/10/21 10:00:57,Active
419,rose577's room,714570,952,2024/11/25 18:26:27,2024/11/26 13:39:14,Closed
420,Christian839's room,753990,54312,2024/09/28 01:09:24,2024/09/28 10:35:30,Closed
422,jelly906's room,355060,44894,2024/10/25 00:30:23,2024/10/25 03:21:35,Closed
424,Isabel557's room,721940,41123,2024/09/20 14:12:30,2024/09/21 11:29:21,Active
424,Isabel557's room,721940,41123,2024/09/20 14:12:30,2024/09/21 11:29:21,Active
424,Isabel557's room,721940,41123,2024/09/20 14:12:30,2024/09/21 11:29:21,Active
425,kite578's room,527460,43479,2024/09/27 23:27:38,2024/09/28 03:31:59,Active
425,kite578's room,527460,43479,2024/09/27 23:27:38,2024/09/28 03:31:59,Active
427,Andrew746's room,661460,35108,2024/09/12 13:45:44,2024/09/12 15:00:09,Closed
427,Andrew746's room,661460,35108,2024/09/12 13:45:44,2024/09/12 15:00:09,Closed
430,stone804's room,745740,16511,2024/10/25 08:40:54,2024/10/25 09:07:31,Active
432,xylophone982's room,676130,34043,2024/09/29 16:54:48,2024/09/30 16:50:44,Closed
433,Tyler442's room,916970,2652,2024/11/17 07:20:07,2024/11/17 19:57:16,Active
433,Tyler442's room,916970,2652,2024/11/17 07:20:07,2024/11/17 19:57:16,Active
434,Adrian860's room,457320,10347,2024/11/01 15:15:52,2024/11/01 15:35:10,Active
434,Adrian860's room,457320,10347,2024/11/01 15:15:52,2024/11/01 15:35:10,Active
435,Liam219's room,787960,17142,2024/12/10 15:59:58,2024/12/11 08:29:21,Closed
436,Daniel790's room,667930,19303,2024/09/12 07:39:39,2024/09/13 01:27:37,Closed
436,Daniel790's room,667930,19303,2024/09/12 07:39:39,2024/09/13 01:27:37,Closed
436,Daniel790's room,667930,19303,2024/09/12 07:39:39,2024/09/13 01:27:37,Closed
437,Keith912's room,688690,33767,2024/10/27 06:31:52,2024/10/27 15:37:40,Active
438,Connor649's room,797020,36434,2024/09/16 17:43:02,2024/09/17 06:32:07,Closed
440,Susan564's room,713980,54032,2024/09/04 02:36:20,2024/09/04 11:06:20,Active
442,Oscar723's room,301670,12129,2024/09/23 18:28:47,2024/09/24 00:20:15,Active
443,violet251's room,433630,15084,2024/09/12 04:57:24,2024/09/12 22:36:00,Closed
444,Chad401's room,233310,14451,2024/12/26 10:33:10,2024/12/26 19:58:29,Active
447,Heather610's room,758280,1297,2024/11/23 19:11:16,2024/11/24 09:00:06,Active
447,Heather610's room,758280,1297,2024/11/23 19:11:16,2024/11/24 09:00:06,Active
450,Gary261's room,825080,4801,2024/09/22 10:22:48,2024/09/23 04:59:54,Active
451,orange442's room,944840,8232,2024/09/04 11:34:03,2024/09/04 22:57:42,Closed
452,William430's room,566640,35473,2024/11/08 00:49:23,2024/11/08 22:55:27,Closed
453,John836's room,836120,5729,2024/11/01 13:13:01,2024/11/01 20:19:58,Active
454,anchor761's room,961710,2794,2024/11/12 01:20:34,2024/11/12 15:15:59,Active
455,Hannah263's room,720480,6172,2024/10/27 09:46:05,2024/10/28 01:44:32,Closed
456,Karen961's room,614570,30289,2024/12/22 16:31:50,2024/12/23 04:20:26,Closed
456,Karen961's room,614570,30289,2024/12/22 16:31:50,2024/12/23 04:20:26,Closed
458,Christopher919's room,998790,49709,2024/11/30 08:46:55,2024/12/01 00:52:24,Active
458,Christopher919's room,998790,49709,2024/11/30 08:46:55,2024/12/01 00:52:24,Active
458,Christopher919's room,998790,49709,2024/11/30 08:46:55,2024/12/01 00:52:24,Active
458,Christopher919's room,998790,49709,2024/11/30 08:46:55,2024/12/01 00:52:24,Active
460,Ashley310's room,396900,5696,2024/09/26 16:55:47,2024/09/27 07:39:06,Closed
462,Madeline192's room,724130,30084,2024/12/30 13:35:40,2024/12/31 03:48:54,Closed
462,Madeline192's room,724130,30084,2024/12/30 13:35:40,2024/12/31 03:48:54,Closed
465,Abigail352's room,536800,8610,2024/10/07 19:55:57,2024/10/08 04:07:25,Active
465,Abigail352's room,536800,8610,2024/10/07 19:55:57,2024/10/08 04:07:25,Active
467,Crystal876's room,935260,36766,2024/10/22 17:27:51,2024/10/23 01:19:49,Active
467,Crystal876's room,935260,36766,2024/10/22 17:27:51,2024/10/23 01:19:49,Active
469,Sydney412's room,1014310,32095,2024/09/02 04:24:08,2024/09/02 08:05:00,Closed
469,Sydney412's room,1014310,32095,2024/09/02 04:24:08,2024/09/02 08:05:00,Closed
471,Rose993's room,354160,47227,2024/09/25 09:27:05,2024/09/25 10:22:39,Closed
471,Rose993's room,354160,47227,2024/09/25 09:27:05,2024/09/25 10:22:39,Closed
472,Isaac819's room,508330,51606,2024/10/22 14:32:10,2024/10/23 09:33:24,Active
474,island529's room,864200,2442,2024/11/29 22:13:20,2024/11/30 00:04:17,Active
474,island529's room,864200,2442,2024/11/29 22:13:20,2024/11/30 00:04:17,Active
474,island529's room,864200,2442,2024/11/29 22:13:20,2024/11/30 00:04:17,Active
474,island529's room,864200,2442,2024/11/29 22:13:20,2024/11/30 00:04:17,Active
477,Christopher898's room,446800,52875,2024/12/21 01:39:31,2024/12/21 08:47:34,Closed
477,Christopher898's room,446800,52875,2024/12/21 01:39:31,2024/12/21 08:47:34,Closed
477,Christopher898's room,446800,52875,2024/12/21 01:39:31,2024/12/21 08:47:34,Closed
478,Heather947's room,320340,22646,2024/09/10 11:14:44,2024/09/10 14:10:24,Closed
478,Heather947's room,320340,22646,2024/09/10 11:14:44,2024/09/10 14:10:24,Closed
480,eagle811's room,702550,23158,2024/12/13 06:58:57,2024/12/13 21:33:21,Active
481,feather884's room,311720,9601,2024/11/29 17:51:58,2024/11/30 16:00:37,Active
481,feather884's room,311720,9601,2024/11/29 17:51:58,2024/11/30 16:00:37,Active
484,Gregory238's room,716650,3691,2024/12/13 17:30:11,2024/12/14 11:51:43,Closed
484,Gregory238's room,716650,3691,2024/12/13 17:30:11,2024/12/14 11:51:43,Closed
485,Amanda679's room,299090,37968,2024/10/20 22:54:50,2024/10/21 09:42:26,Active
486,circle600's room,534010,27093,2024/12/23 09:55:14,2024/12/23 20:41:22,Closed
487,feather456's room,660730,25633,2024/09/28 03:12:39,2024/09/28 20:14:55,Active
488,elephant469's room,41660,32461,2024/12/08 10:11:52,2024/12/09 04:44:34,Closed
489,Isaac410's room,834530,47220,2024/10/10 10:55:58,2024/10/11 02:59:32,Active
489,Isaac410's room,834530,47220,2024/10/10 10:55:58,2024/10/11 02:59:32,Active
489,Isaac410's room,834530,47220,2024/10/10 10:55:58,2024/10/11 02:59:32,Active
490,fox27's room,1017630,28303,2024/11/21 00:11:42,2024/11/21 10:31:33,Closed
490,fox27's room,1017630,28303,2024/11/21 00:11:42,2024/11/21 10:31:33,Closed
491,Raymond62's room,527820,24667,2024/10/27 10:26:54,2024/10/28 09:58:25,Active
492,Barbara330's room,323260,21318,2024/11/01 04:24:26,2024/11/02 02:27:51,Active
493,Nicole535's room,910260,46360,2024/11/15 17:03:38,2024/11/16 12:15:28,Closed
493,Nicole535's room,910260,46360,2024/11/15 17:03:38,2024/11/16 12:15:28,Closed
495,jelly670's room,479170,8546,2024/11/26 04:15:30,2024/11/26 08:39:08,Active
495,jelly670's room,479170,8546,2024/11/26 04:15:30,2024/11/26 08:39:08,Active
497,Nicole788's room,893470,51295,2024/11/29 06:22:26,2024/11/30 05:19:50,Closed
499,Megan802's room,438820,8643,2024/11/24 03:34:59,2024/11/24 05:07:05,Closed
500,Noah246's room,340860,15253,2024/12/17 09:33:54,2024/12/17 14:56:46,Closed
500,Noah246's room,340860,15253,2024/12/17 09:33:54,2024/12/17 14:56:46,Closed
501,cherry663's room,779800,14355,2024/11/07 00:47:30,2024/11/07 06:49:32,Active
502,Jack467's room,628960,42563,2024/09/09 06:53:35,2024/09/10 04:32:03,Closed
503,fox361's room,711920,32171,2024/12/02 07:48:25,2024/12/03 06:32:29,Active
504,Ryan136's room,703920,7272,2024/12/01 19:28:04,2024/12/02 16:14:09,Active
505,village478's room,923730,30297,2024/12/21 01:08:48,2024/12/21 13:08:39,Closed
506,window519's room,955190,15970,2024/12/27 23:20:47,2024/12/28 04:15:43,Active
506,window519's room,955190,15970,2024/12/27 23:20:47,2024/12/28 04:15:43,Active
507,honey966's room,586690,26402,2024/10/07 08:00:36,2024/10/08 00:05:28,Closed
508,Joseph695's room,959590,12247,2024/12/27 03:53:53,2024/12/27 08:50:52,Closed
508,Joseph695's room,959590,12247,2024/12/27 03:53:53,2024/12/27 08:50:52,Closed
509,Jacob830's room,514390,35329,2024/11/02 21:24:16,2024/11/03 00:52:04,Closed
509,Jacob830's room,514390,35329,2024/11/02 21:24:16,2024/11/03 00:52:04,Closed
510,hill359's room,573170,12110,2024/11/13 23:14:07,2024/11/14 15:15:37,Closed
511,rose570's room,63650,840,2024/10/02 16:11:03,2024/10/03 05:49:07,Active
512,Chris239's room,727280,15774,2024/12/25 20:55:53,2024/12/26 05:01:06,Active
516,Cynthia543's room,223280,44006,2024/11/03 00:45:18,2024/11/03 12:14:27,Active
516,Cynthia543's room,223280,44006,2024/11/03 00:45:18,2024/11/03 12:14:27,Active
516,Cynthia543's room,223280,44006,2024/11/03 00:45:18,2024/11/03 12:14:27,Active
517,Robert952's room,790850,37097,2024/12/10 09:19:44,2024/12/10 09:31:32,Closed
517,Robert952's room,790850,37097,2024/12/10 09:19:44,2024/12/10 09:31:32,Closed
518,Joel443's room,1034560,46499,2024/10/25 00:41:59,2024/10/25 12:01:51,Closed
518,Joel443's room,1034560,46499,2024/10/25 00:41:59,2024/10/25 12:01:51,Closed
519,eagle638's room,511070,44309,2024/09/24 10:55:19,2024/09/24 23:33:32,Closed
519,eagle638's room,511070,44309,2024/09/24 10:55:19,2024/09/24 23:33:32,Closed
520,Cindy327's room,965730,13384,2024/10/06 03:53:36,2024/10/06 08:42:24,Closed
522,up110's room,942930,11963,2024/11/06 03:32:26,2024/11/06 19:50:45,Closed
522,up110's room,942930,11963,2024/11/06 03:32:26,2024/11/06 19:50:45,Closed
525,circle876's room,521630,50194,2024/11/18 15:12:26,2024/11/18 20:43:07,Active
525,circle876's room,521630,50194,2024/11/18 15:12:26,2024/11/18 20:43:07,Active
526,path155's room,589590,53009,2024/10/26 10:29:54,2024/10/27 00:38:21,Active
527,Samuel395's room,745660,14730,2024/10/02 02:08:50,2024/10/02 17:23:15,Closed
529,Joan504's room,531960,8354,2024/11/28 19:41:00,2024/11/29 09:33:58,Active
530,Dylan665's room,710110,1674,2024/10/11 07:41:51,2024/10/11 21:43:49,Active
530,Dylan665's room,710110,1674,2024/10/11 07:41:51,2024/10/11 21:43:49,Active
530,Dylan665's room,710110,1674,2024/10/11 07:41:51,2024/10/11 21:43:49,Active
530,Dylan665's room,710110,1674,2024/10/11 07:41:51,2024/10/11 21:43:49,Active
531,Carl822's room,510740,29186,2024/09/09 10:17:54,2024/09/10 05:31:25,Active
532,Raymond204's room,412970,36212,2024/11/05 17:30:23,2024/11/06 12:04:37,Closed
532,Raymond204's room,412970,36212,2024/11/05 17:30:23,2024/11/06 12:04:37,Closed
534,idea692's room,823360,48378,2024/09/05 03:35:48,2024/09/05 11:27:01,Active
535,bubble693's room,577800,25911,2024/10/14 23:32:52,2024/10/15 14:36:19,Active
537,Jillian70's room,352890,48321,2024/11/27 22:02:37,2024/11/28 20:49:18,Closed
537,Jillian70's room,352890,48321,2024/11/27 22:02:37,2024/11/28 20:49:18,Closed
539,Ian137's room,522010,34159,2024/11/04 09:17:17,2024/11/05 08:35:05,Closed
540,rose563's room,579030,46555,2024/09/07 12:31:18,2024/09/07 20:01:26,Active
541,Robert959's room,517190,1744,2024/10/02 20:03:12,2024/10/03 02:47:49,Closed
544,Christina486's room,488350,29232,2024/12/13 08:15:54,2024/12/14 04:09:25,Closed
544,Christina486's room,488350,29232,2024/12/13 08:15:54,2024/12/14 04:09:25,Closed
544,Christina486's room,488350,29232,2024/12/13 08:15:54,2024/12/14 04:09:25,Closed
544,Christina486's room,488350,29232,2024/12/13 08:15:54,2024/12/14 04:09:25,Closed
545,train732's room,620220,12590,2024/12/04 23:41:16,2024/12/05 18:57:45,Closed
547,Richard706's room,204960,25931,2024/11/28 04:36:39,2024/11/28 21:10:48,Closed
548,Kevin699's room,938220,2898,2024/12/10 13:54:22,2024/12/11 06:54:58,Active
550,Blake855's room,426310,5672,2024/10/07 20:11:31,2024/10/07 22:38:13,Closed
551,queen229's room,571500,17608,2024/09/19 10:20:40,2024/09/20 07:30:30,Closed
551,queen229's room,571500,17608,2024/09/19 10:20:40,2024/09/20 07:30:30,Closed
553,Robert183's room,936700,1551,2024/10/22 15:30:33,2024/10/23 13:00:18,Closed
553,Robert183's room,936700,1551,2024/10/22 15:30:33,2024/10/23 13:00:18,Closed
554,jelly778's room,429270,52109,2024/12/03 19:26:09,2024/12/04 06:58:14,Active
558,Linda357's room,520210,4340,2024/10/01 14:32:38,2024/10/02 14:32:13,Closed
558,Linda357's room,520210,4340,2024/10/01 14:32:38,2024/10/02 14:32:13,Closed
559,Rachel268's room,558740,13977,2024/10/17 16:18:36,2024/10/18 09:47:35,Closed
560,universe771's room,225540,28162,2024/12/03 07:56:38,2024/12/03 16:16:24,Active
561,Sean718's room,320310,52406,2024/10/01 08:57:18,2024/10/01 21:39:36,Closed
561,Sean718's room,320310,52406,2024/10/01 08:57:18,2024/10/01 21:39:36,Closed
562,magic21's room,724760,35009,2024/10/14 22:41:10,2024/10/15 01:22:02,Active
563,Shawn483's room,655140,12225,2024/09/15 03:53:19,2024/09/15 04:50:00,Active
565,up348's room,394680,45680,2024/11/03 21:39:37,2024/11/04 08:03:32,Closed
566,Ronald818's room,741990,16829,2024/10/13 07:12:12,2024/10/13 22:23:08,Closed
566,Ronald818's room,741990,16829,2024/10/13 07:12:12,2024/10/13 22:23:08,Closed
566,Ronald818's room,741990,16829,2024/10/13 07:12:12,2024/10/13 22:23:08,Closed
569,Joyce126's room,625770,18451,2024/10/22 08:55:01,2024/10/22 17:45:30,Closed
569,Joyce126's room,625770,18451,2024/10/22 08:55:01,2024/10/22 17:45:30,Closed
572,Carla33's room,675640,49822,2024/09/03 04:22:02,2024/09/03 06:52:37,Active
573,garden269's room,201480,7942,2024/09/29 10:15:37,2024/09/29 12:06:48,Closed
574,eagle829's room,40400,20840,2024/11/11 22:42:46,2024/11/12 18:35:57,Active
574,eagle829's room,40400,20840,2024/11/11 22:42:46,2024/11/12 18:35:57,Active
574,eagle829's room,40400,20840,2024/11/11 22:42:46,2024/11/12 18:35:57,Active
574,eagle829's room,40400,20840,2024/11/11 22:42:46,2024/11/12 18:35:57,Active
578,Isabella33's room,490910,23343,2024/12/26 15:34:37,2024/12/27 15:23:56,Active
578,Isabella33's room,490910,23343,2024/12/26 15:34:37,2024/12/27 15:23:56,Active
580,zoo470's room,451670,6323,2024/11/23 13:19:04,2024/11/23 20:26:19,Active
581,jungle147's room,463390,51725,2024/12/14 06:04:19,2024/12/15 05:03:05,Active
582,Logan91's room,545660,7292,2024/12/07 12:10:08,2024/12/07 12:57:04,Active
582,Logan91's room,545660,7292,2024/12/07 12:10:08,2024/12/07 12:57:04,Active
584,Walter575's room,502420,36483,2024/12/16 14:26:16,2024/12/16 14:35:35,Active
584,Walter575's room,502420,36483,2024/12/16 14:26:16,2024/12/16 14:35:35,Active
585,Kathleen58's room,506830,24662,2024/11/07 22:32:35,2024/11/08 07:33:35,Closed
587,universe948's room,788180,34348,2024/12/16 18:11:34,2024/12/17 03:29:41,Active
587,universe948's room,788180,34348,2024/12/16 18:11:34,2024/12/17 03:29:41,Active
588,James271's room,981910,3236,2024/12/10 11:59:35,2024/12/10 13:35:47,Active
588,James271's room,981910,3236,2024/12/10 11:59:35,2024/12/10 13:35:47,Active
589,Emily464's room,898090,17993,2024/11/04 07:14:25,2024/11/05 06:21:23,Closed
589,Emily464's room,898090,17993,2024/11/04 07:14:25,2024/11/05 06:21:23,Closed
590,rose353's room,661920,44179,2024/10/26 03:54:00,2024/10/26 11:15:26,Closed
590,rose353's room,661920,44179,2024/10/26 03:54:00,2024/10/26 11:15:26,Closed
591,Ruby852's room,407340,29098,2024/10/10 22:51:18,2024/10/11 07:41:11,Active
594,Aaron46's room,294550,41699,2024/12/23 17:19:50,2024/12/24 16:45:10,Active
594,Aaron46's room,294550,41699,2024/12/23 17:19:50,2024/12/24 16:45:10,Active
594,Aaron46's room,294550,41699,2024/12/23 17:19:50,2024/12/24 16:45:10,Active
595,Grace411's room,37390,50725,2024/09/19 19:33:16,2024/09/19 23:08:27,Closed
596,Brianna775's room,317610,46789,2024/09/16 12:32:36,2024/09/17 09:39:53,Closed
601,Raymond634's room,388270,19462,2024/09/25 06:26:43,2024/09/25 23:27:34,Active
601,Raymond634's room,388270,19462,2024/09/25 06:26:43,2024/09/25 23:27:34,Active
603,dog449's room,913830,27733,2024/12/29 10:13:36,2024/12/29 22:12:00,Active
604,Luis583's room,6870,25737,2024/11/02 11:58:35,2024/11/02 12:51:29,Active
606,owl720's room,461180,3552,2024/12/10 15:15:13,2024/12/11 05:01:00,Closed
606,owl720's room,461180,3552,2024/12/10 15:15:13,2024/12/11 05:01:00,Closed
606,owl720's room,461180,3552,2024/12/10 15:15:13,2024/12/11 05:01:00,Closed
607,violet102's room,1044350,37188,2024/11/27 03:56:42,2024/11/27 15:50:06,Active
614,Diana875's room,525380,27282,2024/09/25 05:32:32,2024/09/25 17:17:47,Active
615,Victor895's room,895430,17578,2024/10/09 15:48:52,2024/10/09 22:44:56,Active
615,Victor895's room,895430,17578,2024/10/09 15:48:52,2024/10/09 22:44:56,Active
617,Jacob35's room,347260,9055,2024/09/09 02:55:14,2024/09/09 15:30:08,Active
618,idea205's room,32450,205,2024/11/28 23:25:14,2024/11/29 20:36:36,Closed
619,eagle713's room,597970,12000,2024/09/23 00:38:09,2024/09/23 04:13:23,Closed
620,xray774's room,1015130,170,2024/10/16 22:48:45,2024/10/17 22:37:47,Active
621,Julian754's room,243800,32835,2024/10/03 19:30:39,2024/10/04 00:48:13,Active
622,Abigail859's room,595160,25464,2024/10/08 04:56:33,2024/10/08 18:23:30,Active
622,Abigail859's room,595160,25464,2024/10/08 04:56:33,2024/10/08 18:23:30,Active
622,Abigail859's room,595160,25464,2024/10/08 04:56:33,2024/10/08 18:23:30,Active
623,Kevin684's room,997950,51314,2024/11/16 23:02:24,2024/11/17 09:01:13,Closed
623,Kevin684's room,997950,51314,2024/11/16 23:02:24,2024/11/17 09:01:13,Closed
625,Pamela693's room,993640,39501,2024/12/16 14:29:26,2024/12/17 09:18:45,Closed
628,Carl637's room,4470,41196,2024/10/06 01:33:28,2024/10/06 18:17:44,Active
631,Linda372's room,632290,19035,2024/11/05 10:29:10,2024/11/06 06:53:02,Active
631,Linda372's room,632290,19035,2024/11/05 10:29:10,2024/11/06 06:53:02,Active
632,Aaron970's room,886300,2776,2024/09/26 10:26:36,2024/09/26 18:12:39,Active
632,Aaron970's room,886300,2776,2024/09/26 10:26:36,2024/09/26 18:12:39,Active
633,Marcus797's room,432370,51653,2024/10/05 00:18:56,2024/10/05 02:00:56,Closed
634,key587's room,238210,50540,2024/09/03 02:34:56,2024/09/03 15:48:16,Closed
635,goat931's room,682530,51147,2024/10/16 16:07:37,2024/10/16 17:07:03,Active
635,goat931's room,682530,51147,2024/10/16 16:07:37,2024/10/16 17:07:03,Active
637,Michael764's room,399790,37328,2024/09/27 03:40:54,2024/09/27 21:07:29,Active
638,Elaine750's room,817770,34125,2024/12/06 18:19:15,2024/12/07 05:21:48,Active
638,Elaine750's room,817770,34125,2024/12/06 18:19:15,2024/12/07 05:21:48,Active
639,Laura209's room,542480,20959,2024/09/22 03:28:23,2024/09/23 00:02:00,Closed
641,Lauren349's room,710170,27903,2024/10/05 04:22:10,2024/10/05 18:45:33,Active
642,Olivia307's room,539640,4273,2024/09/08 05:51:59,2024/09/09 00:25:32,Closed
642,Olivia307's room,539640,4273,2024/09/08 05:51:59,2024/09/09 00:25:32,Closed
643,Alexa226's room,707770,7055,2024/11/11 18:01:52,2024/11/12 03:20:53,Active
644,Kimberly120's room,510000,43654,2024/09/03 23:18:48,2024/09/04 21:36:40,Active
645,Heather92's room,507120,34517,2024/09/25 17:33:22,2024/09/26 09:25:05,Closed
646,net472's room,477900,16588,2024/10/03 06:08:26,2024/10/03 14:48:18,Active
648,Rachel736's room,357370,30541,2024/11/20 21:17:08,2024/11/20 22:56:15,Active
649,engine748's room,1031640,52191,2024/12/05 16:03:13,2024/12/06 09:06:04,Closed
649,engine748's room,1031640,52191,2024/12/05 16:03:13,2024/12/06 09:06:04,Closed
649,engine748's room,1031640,52191,2024/12/05 16:03:13,2024/12/06 09:06:04,Closed
650,Ashley686's room,976860,19856,2024/09/21 21:46:53,2024/09/22 01:26:11,Closed
651,Nicholas243's room,47120,36709,2024/09/17 06:20:49,2024/09/17 23:15:58,Closed
651,Nicholas243's room,47120,36709,2024/09/17 06:20:49,2024/09/17 23:15:58,Closed
652,Martha822's room,728670,47576,2024/12/14 12:47:59,2024/12/14 16:20:28,Closed
652,Martha822's room,728670,47576,2024/12/14 12:47:59,2024/12/14 16:20:28,Closed
652,Martha822's room,728670,47576,2024/12/14 12:47:59,2024/12/14 16:20:28,Closed
655,Emma312's room,921500,29682,2024/10/18 16:18:19,2024/10/19 13:42:47,Active
656,tiger570's room,687480,19957,2024/12/03 19:07:57,2024/12/03 21:53:14,Active
658,magic935's room,906730,27582,2024/10/16 08:35:27,2024/10/16 19:59:02,Closed
660,yard211's room,338800,49437,2024/09/16 01:27:39,2024/09/16 19:31:44,Closed
662,king72's room,520600,27107,2024/09/23 21:48:50,2024/09/24 08:25:56,Active
664,Molly740's room,912790,36534,2024/11/13 02:06:05,2024/11/13 19:35:00,Active
664,Molly740's room,912790,36534,2024/11/13 02:06:05,2024/11/13 19:35:00,Active
665,Doris126's room,794230,9287,2024/09/07 03:48:36,2024/09/07 17:30:59,Closed
665,Doris126's room,794230,9287,2024/09/07 03:48:36,2024/09/07 17:30:59,Closed
666,Jonathan220's room,877250,49974,2024/12/01 18:25:44,2024/12/01 19:08:56,Closed
668,Samantha672's room,397270,40930,2024/09/11 09:52:09,2024/09/12 02:36:41,Closed
668,Samantha672's room,397270,40930,2024/09/11 09:52:09,2024/09/12 02:36:41,Closed
670,sun242's room,272270,30131,2024/09/30 13:03:10,2024/09/30 20:22:36,Active
670,sun242's room,272270,30131,2024/09/30 13:03:10,2024/09/30 20:22:36,Active
671,Clara207's room,390200,29210,2024/09/04 20:47:42,2024/09/04 23:29:13,Active
672,Anna769's room,937140,40586,2024/11/11 16:22:32,2024/11/12 11:17:09,Active
675,xray854's room,681240,33379,2024/10/12 11:27:05,2024/10/12 15:40:13,Closed
675,xray854's room,681240,33379,2024/10/12 11:27:05,2024/10/12 15:40:13,Closed
679,book687's room,8870,30524,2024/12/03 02:59:18,2024/12/03 13:34:00,Closed
679,book687's room,8870,30524,2024/12/03 02:59:18,2024/12/03 13:34:00,Closed
679,book687's room,8870,30524,2024/12/03 02:59:18,2024/12/03 13:34:00,Closed
680,Brian592's room,928350,15974,2024/10/24 14:01:41,2024/10/25 01:47:48,Closed
680,Brian592's room,928350,15974,2024/10/24 14:01:41,2024/10/25 01:47:48,Closed
681,Anthony751's room,1015470,223,2024/09/17 13:53:54,2024/09/18 05:53:24,Closed
684,Adrian777's room,457450,616,2024/12/15 02:25:25,2024/12/16 00:06:56,Closed
684,Adrian777's room,457450,616,2024/12/15 02:25:25,2024/12/16 00:06:56,Closed
685,jacket66's room,635050,49447,2024/10/18 01:28:50,2024/10/18 01:32:00,Active
687,Cynthia542's room,380550,16393,2024/09/29 01:35:11,2024/09/29 02:49:52,Active
687,Cynthia542's room,380550,16393,2024/09/29 01:35:11,2024/09/29 02:49:52,Active
687,Cynthia542's room,380550,16393,2024/09/29 01:35:11,2024/09/29 02:49:52,Active
688,Jasmine728's room,17080,12092,2024/12/17 20:19:29,2024/12/18 06:48:23,Closed
689,Connor718's room,314520,37908,2024/10/31 16:24:52,2024/10/31 22:59:41,Active
689,Connor718's room,314520,37908,2024/10/31 16:24:52,2024/10/31 22:59:41,Active
691,Benjamin936's room,1020930,45340,2024/10/01 11:26:20,2024/10/01 11:32:19,Active
692,journey77's room,385560,27047,2024/12/25 08:10:09,2024/12/26 00:26:03,Active
696,Carmen316's room,527460,23937,2024/12/26 10:55:56,2024/12/26 19:40:20,Closed
697,Lara971's room,15560,49476,2024/09/09 21:14:41,2024/09/10 07:12:49,Active
701,Chris477's room,603420,27252,2024/09/07 21:14:03,2024/09/08 07:33:57,Active
702,book559's room,441640,27449,2024/09/23 06:31:36,2024/09/23 20:24:59,Active
703,Sydney928's room,635190,23885,2024/10/17 05:53:15,2024/10/17 10:02:21,Closed
704,Joanna135's room,286660,31242,2024/09/12 16:09:37,2024/09/12 20:18:49,Closed
704,Joanna135's room,286660,31242,2024/09/12 16:09:37,2024/09/12 20:18:49,Closed
704,Joanna135's room,286660,31242,2024/09/12 16:09:37,2024/09/12 20:18:49,Closed
704,Joanna135's room,286660,31242,2024/09/12 16:09:37,2024/09/12 20:18:49,Closed
705,Harold858's room,709020,4231,2024/09/20 23:39:33,2024/09/21 22:18:43,Active
705,Harold858's room,709020,4231,2024/09/20 23:39:33,2024/09/21 22:18:43,Active
705,Harold858's room,709020,4231,2024/09/20 23:39:33,2024/09/21 22:18:43,Active
706,Karen684's room,604170,28367,2024/10/07 01:03:09,2024/10/07 06:19:38,Active
706,Karen684's room,604170,28367,2024/10/07 01:03:09,2024/10/07 06:19:38,Active
706,Karen684's room,604170,28367,2024/10/07 01:03:09,2024/10/07 06:19:38,Active
708,Kevin922's room,547590,3432,2024/12/29 20:48:52,2024/12/30 01:25:26,Active
709,Thomas263's room,922060,50526,2024/09/20 13:49:39,2024/09/21 10:49:57,Closed
710,Emily257's room,39190,4580,2024/11/09 13:17:01,2024/11/10 11:19:20,Closed
710,Emily257's room,39190,4580,2024/11/09 13:17:01,2024/11/10 11:19:20,Closed
711,Ella908's room,755500,19456,2024/09/02 03:48:24,2024/09/02 20:10:00,Active
711,Ella908's room,755500,19456,2024/09/02 03:48:24,2024/09/02 20:10:00,Active
714,Elena656's room,717070,30932,2024/09/14 06:00:40,2024/09/14 23:24:01,Active
714,Elena656's room,717070,30932,2024/09/14 06:00:40,2024/09/14 23:24:01,Active
714,Elena656's room,717070,30932,2024/09/14 06:00:40,2024/09/14 23:24:01,Active
715,star938's room,758020,30201,2024/10/14 07:05:40,2024/10/15 06:02:50,Active
718,orange604's room,841600,20394,2024/10/29 12:59:55,2024/10/30 03:46:01,Closed
719,Scott90's room,675660,6185,2024/11/23 01:29:47,2024/11/23 16:18:29,Active
720,Henry537's room,305780,16900,2024/10/17 08:32:49,2024/10/18 00:56:20,Closed
720,Henry537's room,305780,16900,2024/10/17 08:32:49,2024/10/18 00:56:20,Closed
721,wolf903's room,667160,31669,2024/10/16 19:39:50,2024/10/16 22:13:16,Closed
722,bubble420's room,719100,37893,2024/09/30 17:23:48,2024/10/01 10:42:28,Active
722,bubble420's room,719100,37893,2024/09/30 17:23:48,2024/10/01 10:42:28,Active
723,zodiac300's room,494530,26668,2024/11/29 11:30:47,2024/11/30 04:39:35,Active
724,Joshua267's room,491440,13854,2024/09/25 06:03:39,2024/09/25 20:20:05,Active
725,Diane419's room,347280,3205,2024/12/22 04:22:26,2024/12/22 07:02:45,Closed
726,eagle771's room,722750,31593,2024/10/29 09:10:12,2024/10/29 16:54:45,Active
726,eagle771's room,722750,31593,2024/10/29 09:10:12,2024/10/29 16:54:45,Active
727,banana936's room,988430,26990,2024/10/20 17:44:07,2024/10/20 21:56:56,Active
727,banana936's room,988430,26990,2024/10/20 17:44:07,2024/10/20 21:56:56,Active
729,window600's room,648550,33705,2024/10/20 09:23:08,2024/10/21 02:11:45,Active
729,window600's room,648550,33705,2024/10/20 09:23:08,2024/10/21 02:11:45,Active
729,window600's room,648550,33705,2024/10/20 09:23:08,2024/10/21 02:11:45,Active
730,Dawn830's room,620940,2228,2024/10/11 17:59:54,2024/10/12 07:33:34,Active
733,Alexander791's room,812180,41478,2024/10/30 13:45:23,2024/10/31 00:27:52,Active
737,apple399's room,1057180,36736,2024/11/07 17:11:59,2024/11/07 20:14:38,Closed
740,panda124's room,866510,34502,2024/09/21 12:53:35,2024/09/22 12:29:33,Closed
741,umbrella244's room,397340,50330,2024/10/29 01:45:24,2024/10/29 20:09:57,Closed
742,Jacob279's room,294580,49061,2024/11/13 00:21:09,2024/11/13 16:13:54,Closed
744,Harold196's room,422940,21006,2024/11/05 21:17:04,2024/11/06 20:20:45,Active
744,Harold196's room,422940,21006,2024/11/05 21:17:04,2024/11/06 20:20:45,Active
744,Harold196's room,422940,21006,2024/11/05 21:17:04,2024/11/06 20:20:45,Active
747,Matthew449's room,659490,27451,2024/11/05 09:43:29,2024/11/05 11:04:32,Active
747,Matthew449's room,659490,27451,2024/11/05 09:43:29,2024/11/05 11:04:32,Active
749,quartz423's room,80360,15167,2024/12/09 18:16:28,2024/12/09 23:35:25,Closed
751,journey577's room,347290,38564,2024/10/07 09:06:29,2024/10/07 20:56:28,Closed
752,Judith74's room,617710,21819,2024/09/26 15:24:46,2024/09/26 18:38:16,Active
753,Harry732's room,528960,21697,2024/11/03 01:10:17,2024/11/03 17:38:26,Closed
754,Morgan701's room,533920,9017,2024/12/17 17:53:53,2024/12/18 10:54:05,Closed
754,Morgan701's room,533920,9017,2024/12/17 17:53:53,2024/12/18 10:54:05,Closed
754,Morgan701's room,533920,9017,2024/12/17 17:53:53,2024/12/18 10:54:05,Closed
756,yogurt886's room,541720,19189,2024/09/11 00:04:57,2024/09/11 21:14:26,Active
759,Roger669's room,372330,43314,2024/12/25 13:37:47,2024/12/26 02:12:25,Active
761,lake445's room,571080,5860,2024/11/08 16:39:57,2024/11/08 23:50:56,Active
761,lake445's room,571080,5860,2024/11/08 16:39:57,2024/11/08 23:50:56,Active
762,Donna44's room,899760,54085,2024/09/26 12:53:47,2024/09/27 01:49:28,Closed
763,Douglas378's room,950570,19339,2024/11/10 16:33:27,2024/11/11 15:26:36,Closed
764,Benjamin859's room,904740,35689,2024/09/06 21:33:35,2024/09/06 21:48:43,Closed
764,Benjamin859's room,904740,35689,2024/09/06 21:33:35,2024/09/06 21:48:43,Closed
764,Benjamin859's room,904740,35689,2024/09/06 21:33:35,2024/09/06 21:48:43,Closed
764,Benjamin859's room,904740,35689,2024/09/06 21:33:35,2024/09/06 21:48:43,Closed
765,home681's room,394160,41388,2024/12/07 20:35:36,2024/12/08 00:49:58,Closed
766,Anthony649's room,719090,16013,2024/09/10 06:06:12,2024/09/10 07:37:37,Active
768,Alexa426's room,1026390,45302,2024/12/27 11:59:52,2024/12/28 06:04:03,Active
768,Alexa426's room,1026390,45302,2024/12/27 11:59:52,2024/12/28 06:04:03,Active
769,Anthony954's room,447290,46901,2024/12/05 07:21:55,2024/12/05 16:30:22,Closed
773,Garrett947's room,502240,51901,2024/09/01 21:56:37,2024/09/02 08:52:45,Active
773,Garrett947's room,502240,51901,2024/09/01 21:56:37,2024/09/02 08:52:45,Active
774,Lucy273's room,374010,10277,2024/10/17 22:47:24,2024/10/18 10:12:07,Closed
775,Martin978's room,544680,11621,2024/09/26 03:30:29,2024/09/26 05:07:17,Active
778,Emma341's room,527730,34790,2024/11/27 11:42:23,2024/11/27 16:50:17,Closed
778,Emma341's room,527730,34790,2024/11/27 11:42:23,2024/11/27 16:50:17,Closed
784,Owen476's room,453820,39031,2024/11/26 05:19:00,2024/11/26 11:12:13,Closed
784,Owen476's room,453820,39031,2024/11/26 05:19:00,2024/11/26 11:12:13,Closed
785,Samuel948's room,961620,21957,2024/11/25 05:59:26,2024/11/25 17:44:03,Active
787,Megan335's room,747730,1262,2024/11/27 15:10:33,2024/11/28 10:13:53,Active
789,Grace93's room,459880,19811,2024/10/20 23:53:03,2024/10/21 20:42:10,Closed
791,home354's room,667510,17654,2024/09/16 18:19:24,2024/09/17 17:55:32,Closed
791,home354's room,667510,17654,2024/09/16 18:19:24,2024/09/17 17:55:32,Closed
792,Julia373's room,957350,15381,2024/12/07 00:38:40,2024/12/07 04:28:42,Closed
793,dog190's room,65790,15374,2024/09/19 15:03:46,2024/09/20 05:07:23,Active
794,Julia896's room,601380,53228,2024/12/21 06:29:52,2024/12/21 10:53:23,Active
794,Julia896's room,601380,53228,2024/12/21 06:29:52,2024/12/21 10:53:23,Active
795,Olivia730's room,732040,54559,2024/09/28 13:22:43,2024/09/29 06:32:45,Active
795,Olivia730's room,732040,54559,2024/09/28 13:22:43,2024/09/29 06:32:45,Active
796,Doris802's room,719800,5547,2024/12/02 13:58:57,2024/12/03 08:10:54,Closed
796,Doris802's room,719800,5547,2024/12/02 13:58:57,2024/12/03 08:10:54,Closed
797,kite657's room,597670,17938,2024/11/13 06:34:19,2024/11/13 14:39:34,Active
798,village684's room,450020,48083,2024/12/14 00:49:44,2024/12/14 04:15:51,Active
798,village684's room,450020,48083,2024/12/14 00:49:44,2024/12/14 04:15:51,Active
798,village684's room,450020,48083,2024/12/14 00:49:44,2024/12/14 04:15:51,Active
798,village684's room,450020,48083,2024/12/14 00:49:44,2024/12/14 04:15:51,Active
799,Aaron543's room,759950,46051,2024/09/08 14:59:07,2024/09/09 11:21:49,Closed
801,John731's room,894920,43634,2024/11/26 02:30:24,2024/11/26 11:55:44,Active
801,John731's room,894920,43634,2024/11/26 02:30:24,2024/11/26 11:55:44,Active
801,John731's room,894920,43634,2024/11/26 02:30:24,2024/11/26 11:55:44,Active
801,John731's room,894920,43634,2024/11/26 02:30:24,2024/11/26 11:55:44,Active
803,Dylan958's room,448080,6667,2024/10/26 19:43:38,2024/10/27 08:07:42,Closed
806,Philip513's room,431540,30606,2024/11/29 17:43:01,2024/11/30 14:06:57,Active
808,yawn109's room,620790,26504,2024/10/18 12:55:55,2024/10/18 15:29:09,Closed
809,egg54's room,394220,47612,2024/11/05 17:13:08,2024/11/06 13:16:53,Closed
810,Dominic758's room,543350,48187,2024/10/08 15:54:53,2024/10/09 03:03:17,Closed
810,Dominic758's room,543350,48187,2024/10/08 15:54:53,2024/10/09 03:03:17,Closed
810,Dominic758's room,543350,48187,2024/10/08 15:54:53,2024/10/09 03:03:17,Closed
812,engine386's room,533480,6771,2024/10/08 02:24:35,2024/10/08 03:27:34,Active
813,Adam647's room,636030,49747,2024/10/24 00:10:24,2024/10/24 17:18:19,Closed
813,Adam647's room,636030,49747,2024/10/24 00:10:24,2024/10/24 17:18:19,Closed
814,Joel228's room,1014570,5390,2024/12/21 12:45:47,2024/12/22 12:04:37,Active
814,Joel228's room,1014570,5390,2024/12/21 12:45:47,2024/12/22 12:04:37,Active
815,Owen489's room,1013190,34744,2024/11/11 13:51:06,2024/11/11 17:51:11,Closed
817,journey491's room,371550,48114,2024/09/25 12:01:37,2024/09/25 12:50:12,Active
817,journey491's room,371550,48114,2024/09/25 12:01:37,2024/09/25 12:50:12,Active
818,Andrew775's room,910390,20177,2024/09/14 17:00:30,2024/09/15 11:18:26,Closed
820,Ralph372's room,664630,50004,2024/10/11 00:25:22,2024/10/11 09:10:57,Active
821,Jack703's room,791600,5904,2024/09/08 22:54:58,2024/09/09 05:57:15,Closed
821,Jack703's room,791600,5904,2024/09/08 22:54:58,2024/09/09 05:57:15,Closed
821,Jack703's room,791600,5904,2024/09/08 22:54:58,2024/09/09 05:57:15,Closed
821,Jack703's room,791600,5904,2024/09/08 22:54:58,2024/09/09 05:57:15,Closed
821,Jack703's room,791600,5904,2024/09/08 22:54:58,2024/09/09 05:57:15,Closed
822,Martin592's room,915730,16571,2024/10/24 16:17:41,2024/10/25 13:34:47,Active
822,Martin592's room,915730,16571,2024/10/24 16:17:41,2024/10/25 13:34:47,Active
823,Jason677's room,529140,17682,2024/12/20 11:28:36,2024/12/20 16:50:31,Closed
823,Jason677's room,529140,17682,2024/12/20 11:28:36,2024/12/20 16:50:31,Closed
824,Evelyn459's room,269230,53834,2024/10/25 16:30:31,2024/10/25 17:16:44,Closed
825,cherry998's room,897100,36099,2024/12/24 17:21:42,2024/12/24 19:29:38,Closed
826,Clara627's room,523960,50690,2024/11/20 15:17:09,2024/11/20 23:23:52,Closed
826,Clara627's room,523960,50690,2024/11/20 15:17:09,2024/11/20 23:23:52,Closed
826,Clara627's room,523960,50690,2024/11/20 15:17:09,2024/11/20 23:23:52,Closed
827,sun823's room,957810,28914,2024/09/26 13:01:26,2024/09/26 23:11:57,Active
828,knight30's room,700590,25528,2024/11/18 09:15:24,2024/11/18 17:13:42,Closed
829,Peter14's room,697130,10711,2024/10/26 06:37:45,2024/10/26 15:14:14,Closed
830,Megan905's room,391220,2931,2024/12/05 21:52:53,2024/12/06 06:01:44,Closed
831,Elaine518's room,389470,48738,2024/10/30 07:08:45,2024/10/30 09:11:10,Closed
831,Elaine518's room,389470,48738,2024/10/30 07:08:45,2024/10/30 09:11:10,Closed
833,Luke626's room,409630,10020,2024/11/30 11:50:47,2024/12/01 08:25:58,Closed
833,Luke626's room,409630,10020,2024/11/30 11:50:47,2024/12/01 08:25:58,Closed
833,Luke626's room,409630,10020,2024/11/30 11:50:47,2024/12/01 08:25:58,Closed
833,Luke626's room,409630,10020,2024/11/30 11:50:47,2024/12/01 08:25:58,Closed
833,Luke626's room,409630,10020,2024/11/30 11:50:47,2024/12/01 08:25:58,Closed
834,Diane907's room,591610,1383,2024/10/17 11:15:58,2024/10/18 10:24:53,Closed
835,yard929's room,851810,3050,2024/10/10 09:29:03,2024/10/11 01:15:34,Closed
836,Frank636's room,840170,22920,2024/12/16 20:02:26,2024/12/17 10:36:05,Active
837,Carla872's room,492490,35209,2024/11/03 21:38:18,2024/11/04 12:22:31,Closed
838,river486's room,283940,19940,2024/10/08 07:45:44,2024/10/09 00:38:00,Active
839,George723's room,210950,48999,2024/12/15 14:12:30,2024/12/15 19:17:45,Active
842,Marilyn300's room,1015530,46648,2024/11/02 13:08:53,2024/11/02 16:27:37,Active
843,xylophone171's room,350210,26112,2024/09/26 22:26:18,2024/09/27 11:40:55,Active
844,Brian534's room,24840,3661,2024/10/18 20:25:48,2024/10/19 12:16:59,Closed
844,Brian534's room,24840,3661,2024/10/18 20:25:48,2024/10/19 12:16:59,Closed
844,Brian534's room,24840,3661,2024/10/18 20:25:48,2024/10/19 12:16:59,Closed
845,Brittany974's room,835630,47510,2024/12/19 20:41:26,2024/12/20 04:23:24,Active
845,Brittany974's room,835630,47510,2024/12/19 20:41:26,2024/12/20 04:23:24,Active
845,Brittany974's room,835630,47510,2024/12/19 20:41:26,2024/12/20 04:23:24,Active
845,Brittany974's room,835630,47510,2024/12/19 20:41:26,2024/12/20 04:23:24,Active
846,Taylor472's room,464490,27082,2024/11/04 02:57:33,2024/11/04 12:22:17,Closed
848,Jack247's room,852570,14595,2024/11/08 16:30:14,2024/11/09 06:35:49,Active
849,Kylie843's room,390040,21893,2024/12/01 04:59:26,2024/12/02 03:52:29,Closed
851,Christina145's room,788630,44473,2024/11/01 06:57:11,2024/11/02 06:04:10,Closed
851,Christina145's room,788630,44473,2024/11/01 06:57:11,2024/11/02 06:04:10,Closed
852,Patricia512's room,681760,4025,2024/10/13 17:37:35,2024/10/14 11:03:17,Closed
852,Patricia512's room,681760,4025,2024/10/13 17:37:35,2024/10/14 11:03:17,Closed
852,Patricia512's room,681760,4025,2024/10/13 17:37:35,2024/10/14 11:03:17,Closed
854,Thomas375's room,818730,23153,2024/12/03 12:23:32,2024/12/04 06:11:20,Active
854,Thomas375's room,818730,23153,2024/12/03 12:23:32,2024/12/04 06:11:20,Active
855,Kylie849's room,1040450,23522,2024/11/24 03:55:43,2024/11/25 02:50:21,Active
857,anchor982's room,550390,22135,2024/11/17 19:27:01,2024/11/18 13:24:52,Closed
859,path327's room,337040,41510,2024/12/29 00:34:47,2024/12/29 23:30:43,Active
861,Ralph359's room,918670,18516,2024/11/16 03:53:35,2024/11/17 02:13:34,Active
865,Ronald872's room,630080,13734,2024/09/26 10:31:24,2024/09/27 06:17:24,Closed
865,Ronald872's room,630080,13734,2024/09/26 10:31:24,2024/09/27 06:17:24,Closed
865,Ronald872's room,630080,13734,2024/09/26 10:31:24,2024/09/27 06:17:24,Closed
865,Ronald872's room,630080,13734,2024/09/26 10:31:24,2024/09/27 06:17:24,Closed
866,Steven487's room,752710,19583,2024/12/02 03:40:57,2024/12/02 06:27:09,Active
869,Diana369's room,339600,36383,2024/12/03 05:29:50,2024/12/04 01:02:11,Active
869,Diana369's room,339600,36383,2024/12/03 05:29:50,2024/12/04 01:02:11,Active
872,Jillian753's room,882630,53550,2024/09/11 03:26:13,2024/09/11 12:49:20,Closed
874,Mark658's room,344900,34645,2024/09/08 21:34:06,2024/09/09 12:26:19,Closed
874,Mark658's room,344900,34645,2024/09/08 21:34:06,2024/09/09 12:26:19,Closed
875,Erik85's room,544400,51392,2024/10/13 13:51:26,2024/10/13 18:54:20,Active
877,Adrian306's room,569720,29178,2024/10/30 17:48:59,2024/10/31 11:32:28,Closed
878,zoo673's room,532170,11472,2024/11/15 03:45:44,2024/11/15 07:51:35,Closed
882,Maggie815's room,304240,24905,2024/09/26 05:03:28,2024/09/26 16:31:07,Closed
882,Maggie815's room,304240,24905,2024/09/26 05:03:28,2024/09/26 16:31:07,Closed
885,Megan35's room,377520,22961,2024/10/04 09:10:29,2024/10/04 12:10:39,Closed
886,Barbara801's room,439460,11152,2024/09/03 09:32:51,2024/09/03 20:16:04,Active
886,Barbara801's room,439460,11152,2024/09/03 09:32:51,2024/09/03 20:16:04,Active
886,Barbara801's room,439460,11152,2024/09/03 09:32:51,2024/09/03 20:16:04,Active
888,Austin931's room,316950,23325,2024/12/19 06:51:42,2024/12/19 07:11:28,Active
889,Luke497's room,339230,6944,2024/10/22 10:49:36,2024/10/23 09:35:15,Closed
889,Luke497's room,339230,6944,2024/10/22 10:49:36,2024/10/23 09:35:15,Closed
889,Luke497's room,339230,6944,2024/10/22 10:49:36,2024/10/23 09:35:15,Closed
893,Stella918's room,329620,22197,2024/12/08 13:06:07,2024/12/09 11:17:26,Closed
893,Stella918's room,329620,22197,2024/12/08 13:06:07,2024/12/09 11:17:26,Closed
894,Benjamin259's room,861340,2456,2024/10/29 05:49:21,2024/10/29 20:55:40,Closed
898,bridge732's room,351100,45333,2024/12/23 20:05:22,2024/12/24 11:50:37,Closed
899,knight757's room,552000,54600,2024/12/01 18:48:42,2024/12/02 18:25:32,Closed
899,knight757's room,552000,54600,2024/12/01 18:48:42,2024/12/02 18:25:32,Closed
899,knight757's room,552000,54600,2024/12/01 18:48:42,2024/12/02 18:25:32,Closed
900,fox507's room,686440,37069,2024/10/27 09:43:07,2024/10/28 04:09:41,Active
901,forest712's room,518280,8862,2024/10/21 09:05:21,2024/10/22 02:29:28,Active
901,forest712's room,518280,8862,2024/10/21 09:05:21,2024/10/22 02:29:28,Active
903,Eleanor729's room,207230,51131,2024/11/19 20:10:15,2024/11/20 07:16:55,Closed
908,Colin214's room,402120,2493,2024/11/20 08:08:53,2024/11/21 05:38:12,Active
910,mouse174's room,628340,37469,2024/11/07 04:50:45,2024/11/07 21:05:37,Active
912,Diane619's room,915930,15564,2024/11/11 05:26:42,2024/11/11 13:52:50,Closed
913,sun914's room,558050,4698,2024/09/07 11:09:38,2024/09/07 20:42:03,Active
914,Donna165's room,650440,12939,2024/12/08 02:26:18,2024/12/08 20:52:32,Active
915,Taylor430's room,573300,29665,2024/11/04 05:48:45,2024/11/04 08:55:12,Closed
917,Eva922's room,322540,41484,2024/12/01 07:49:18,2024/12/01 21:14:49,Closed
918,Ethan351's room,345080,43771,2024/12/19 23:12:28,2024/12/20 06:30:33,Closed
918,Ethan351's room,345080,43771,2024/12/19 23:12:28,2024/12/20 06:30:33,Closed
921,Charles79's room,297000,12217,2024/09/17 19:37:21,2024/09/18 17:32:43,Active
921,Charles79's room,297000,12217,2024/09/17 19:37:21,2024/09/18 17:32:43,Active
922,Elijah961's room,729820,28175,2024/11/13 13:57:47,2024/11/13 15:32:45,Active
922,Elijah961's room,729820,28175,2024/11/13 13:57:47,2024/11/13 15:32:45,Active
922,Elijah961's room,729820,28175,2024/11/13 13:57:47,2024/11/13 15:32:45,Active
922,Elijah961's room,729820,28175,2024/11/13 13:57:47,2024/11/13 15:32:45,Active
923,Jacob467's room,335660,4974,2024/10/04 05:41:41,2024/10/05 01:52:37,Closed
923,Jacob467's room,335660,4974,2024/10/04 05:41:41,2024/10/05 01:52:37,Closed
923,Jacob467's room,335660,4974,2024/10/04 05:41:41,2024/10/05 01:52:37,Closed
924,Lucas409's room,3170,51793,2024/12/12 07:11:11,2024/12/12 12:06:17,Closed
925,Molly931's room,391540,8097,2024/11/08 15:11:04,2024/11/09 07:42:06,Active
926,Elena629's room,733500,17019,2024/11/10 08:11:10,2024/11/11 02:14:14,Closed
928,knight189's room,410040,47170,2024/12/11 16:05:31,2024/12/12 13:45:32,Closed
928,knight189's room,410040,47170,2024/12/11 16:05:31,2024/12/12 13:45:32,Closed
928,knight189's room,410040,47170,2024/12/11 16:05:31,2024/12/12 13:45:32,Closed
929,Sydney374's room,270950,31148,2024/09/19 07:44:23,2024/09/19 23:13:44,Active
929,Sydney374's room,270950,31148,2024/09/19 07:44:23,2024/09/19 23:13:44,Active
929,Sydney374's room,270950,31148,2024/09/19 07:44:23,2024/09/19 23:13:44,Active
930,Stephen763's room,778030,21544,2024/09/06 23:03:57,2024/09/07 00:33:40,Closed
931,Lara135's room,524640,41637,2024/11/16 18:25:24,2024/11/17 07:06:35,Closed
931,Lara135's room,524640,41637,2024/11/16 18:25:24,2024/11/17 07:06:35,Closed
932,eagle506's room,327910,6335,2024/11/24 12:30:47,2024/11/25 11:46:39,Closed
932,eagle506's room,327910,6335,2024/11/24 12:30:47,2024/11/25 11:46:39,Closed
933,engine792's room,624320,1008,2024/11/27 12:15:09,2024/11/28 10:27:44,Active
935,Linda55's room,669390,43275,2024/09/19 17:15:21,2024/09/19 21:34:59,Active
936,Kevin890's room,789220,31100,2024/09/13 18:28:32,2024/09/14 03:33:20,Active
936,Kevin890's room,789220,31100,2024/09/13 18:28:32,2024/09/14 03:33:20,Active
936,Kevin890's room,789220,31100,2024/09/13 18:28:32,2024/09/14 03:33:20,Active
938,fox374's room,881690,51998,2024/10/28 15:59:09,2024/10/28 20:40:56,Closed
938,fox374's room,881690,51998,2024/10/28 15:59:09,2024/10/28 20:40:56,Closed
939,ice161's room,341540,54965,2024/10/14 03:17:31,2024/10/14 20:32:26,Active
941,Jessica987's room,859900,37077,2024/10/31 15:39:53,2024/11/01 05:08:48,Active
941,Jessica987's room,859900,37077,2024/10/31 15:39:53,2024/11/01 05:08:48,Active
945,Grace334's room,245300,6649,2024/12/11 07:54:45,2024/12/11 17:15:00,Closed
946,Stella158's room,319280,2138,2024/11/24 05:18:09,2024/11/25 01:38:48,Active
948,river425's room,739350,14722,2024/11/19 12:16:41,2024/11/19 16:27:42,Closed
949,circle580's room,590950,5748,2024/11/21 19:53:44,2024/11/22 07:02:30,Active
949,circle580's room,590950,5748,2024/11/21 19:53:44,2024/11/22 07:02:30,Active
950,xray383's room,587210,53740,2024/11/06 03:31:19,2024/11/07 02:22:14,Closed
951,Carlos171's room,785560,13367,2024/11/04 19:06:47,2024/11/05 18:51:09,Active
953,Holly547's room,607030,32052,2024/09/01 16:34:22,2024/09/01 20:42:30,Closed
953,Holly547's room,607030,32052,2024/09/01 16:34:22,2024/09/01 20:42:30,Closed
954,Luis899's room,826000,37826,2024/11/21 21:46:55,2024/11/22 16:22:25,Active
954,Luis899's room,826000,37826,2024/11/21 21:46:55,2024/11/22 16:22:25,Active
955,night946's room,887870,44649,2024/11/02 11:39:43,2024/11/02 21:42:24,Active
955,night946's room,887870,44649,2024/11/02 11:39:43,2024/11/02 21:42:24,Active
956,Charlotte159's room,828440,2189,2024/10/15 18:50:40,2024/10/16 08:53:54,Closed
956,Charlotte159's room,828440,2189,2024/10/15 18:50:40,2024/10/16 08:53:54,Closed
957,Curtis580's room,213390,25592,2024/11/15 00:18:33,2024/11/15 01:01:34,Active
957,Curtis580's room,213390,25592,2024/11/15 00:18:33,2024/11/15 01:01:34,Active
958,Gail424's room,365310,7387,2024/10/14 22:12:35,2024/10/15 16:32:48,Closed
960,Peter631's room,516250,26300,2024/12/27 05:11:43,2024/12/27 08:46:46,Active
960,Peter631's room,516250,26300,2024/12/27 05:11:43,2024/12/27 08:46:46,Active
962,xylophone961's room,960320,4741,2024/10/20 19:19:54,2024/10/21 09:50:06,Active
962,xylophone961's room,960320,4741,2024/10/20 19:19:54,2024/10/21 09:50:06,Active
962,xylophone961's room,960320,4741,2024/10/20 19:19:54,2024/10/21 09:50:06,Active
964,Anthony649's room,645480,16013,2024/11/12 22:37:26,2024/11/13 01:00:41,Active
966,Aaron289's room,708870,32776,2024/10/04 13:59:40,2024/10/04 22:00:27,Closed
967,panda875's room,514290,20580,2024/11/18 13:27:38,2024/11/19 03:40:57,Active
967,panda875's room,514290,20580,2024/11/18 13:27:38,2024/11/19 03:40:57,Active
968,Kimberly854's room,328470,11421,2024/12/20 23:40:21,2024/12/21 23:21:32,Closed
968,Kimberly854's room,328470,11421,2024/12/20 23:40:21,2024/12/21 23:21:32,Closed
969,kite20's room,622540,41031,2024/12/16 10:09:35,2024/12/16 11:55:31,Active
970,Maria271's room,511330,24283,2024/11/25 03:30:42,2024/11/25 22:14:00,Active
973,Marie780's room,838990,51821,2024/12/30 23:19:43,2024/12/31 00:35:05,Closed
973,Marie780's room,838990,51821,2024/12/30 23:19:43,2024/12/31 00:35:05,Closed
973,Marie780's room,838990,51821,2024/12/30 23:19:43,2024/12/31 00:35:05,Closed
978,Aiden363's room,624610,39499,2024/09/20 21:37:10,2024/09/20 22:16:41,Active
979,Curtis253's room,681330,9303,2024/11/17 18:54:16,2024/11/18 02:27:33,Active
980,elephant382's room,956350,12533,2024/09/29 06:16:44,2024/09/29 13:41:38,Active
980,elephant382's room,956350,12533,2024/09/29 06:16:44,2024/09/29 13:41:38,Active
980,elephant382's room,956350,12533,2024/09/29 06:16:44,2024/09/29 13:41:38,Active
981,panda792's room,636930,36280,2024/12/05 04:39:28,2024/12/05 04:56:24,Closed
982,Jack226's room,684970,23100,2024/12/12 10:33:39,2024/12/13 00:32:00,Active
982,Jack226's room,684970,23100,2024/12/12 10:33:39,2024/12/13 00:32:00,Active
988,village683's room,1043200,7535,2024/11/23 20:56:50,2024/11/24 16:57:00,Closed
989,jacket971's room,255710,13821,2024/10/03 09:18:37,2024/10/03 22:35:38,Closed
989,jacket971's room,255710,13821,2024/10/03 09:18:37,2024/10/03 22:35:38,Closed
989,jacket971's room,255710,13821,2024/10/03 09:18:37,2024/10/03 22:35:38,Closed
990,Victor173's room,454220,43611,2024/12/12 08:18:03,2024/12/12 21:44:29,Closed
990,Victor173's room,454220,43611,2024/12/12 08:18:03,2024/12/12 21:44:29,Closed
990,Victor173's room,454220,43611,2024/12/12 08:18:03,2024/12/12 21:44:29,Closed
991,Scott266's room,498330,45718,2024/09/17 07:41:32,2024/09/18 07:10:28,Active
991,Scott266's room,498330,45718,2024/09/17 07:41:32,2024/09/18 07:10:28,Active
992,Aiden168's room,921050,27170,2024/09/29 00:18:22,2024/09/29 16:43:47,Active
993,Catherine104's room,567340,18027,2024/12/29 02:49:37,2024/12/29 16:10:28,Active
995,Denise168's room,757670,4997,2024/10/09 17:02:52,2024/10/10 10:39:59,Active
995,Denise168's room,757670,4997,2024/10/09 17:02:52,2024/10/10 10:39:59,Active
997,Morgan377's room,919890,20519,2024/09/05 14:37:41,2024/09/06 13:37:15,Closed
998,train516's room,642190,20315,2024/09/12 23:05:50,2024/09/13 02:13:06,Active
999,Elizabeth965's room,225640,38273,2024/09/28 13:24:21,2024/09/29 04:28:56,Active
1000,Denise731's room,414070,46988,2024/10/29 18:53:01,2024/10/30 08:13:59,Active
